Date,Open,High,Low,Close
2019-05-03,13.5,18.200000762939453,13.399999618530273,14.149999618530273
2019-05-06,12.600000381469727,15.168999671936035,12.300000190734863,13.369999885559082
2019-05-07,13.4399995803833,14.199999809265137,12.680000305175781,12.8100004196167
2019-05-08,12.710000038146973,13.4399995803833,12.350000381469727,13.239999771118164
2019-05-09,13.109999656677246,13.149999618530273,12.5,12.529999732971191
2019-05-10,12.789999961853027,12.854000091552734,11.8100004196167,12.069999694824219
2019-05-13,11.760000228881836,11.760000228881836,10.3100004196167,10.600000381469727
2019-05-14,10.850000381469727,11.02400016784668,10.710000038146973,10.989999771118164
2019-05-15,10.899999618530273,11.149999618530273,10.819999694824219,11.0
2019-05-16,11.100000381469727,11.300000190734863,10.300000190734863,11.020000457763672
2019-05-17,10.84000015258789,11.09000015258789,10.734999656677246,11.010000228881836
2019-05-20,11.020000457763672,11.029999732971191,10.737000465393066,11.0
2019-05-21,11.0,11.309000015258789,10.680000305175781,10.680000305175781
2019-05-22,10.829999923706055,11.050000190734863,10.630000114440918,11.029999732971191
2019-05-23,10.510000228881836,11.630000114440918,10.140999794006348,11.3100004196167
2019-05-24,11.1899995803833,11.550000190734863,10.720000267028809,10.949999809265137
2019-05-28,11.0,11.0,10.899999618530273,10.9399995803833
2019-05-29,10.970000267028809,11.300000190734863,10.920000076293945,11.229999542236328
2019-05-30,11.300000190734863,11.300000190734863,11.0,11.029999732971191
2019-05-31,11.029999732971191,11.029999732971191,10.949999809265137,11.0
2019-06-03,11.0,11.085000038146973,10.699999809265137,11.0
2019-06-04,11.789999961853027,12.75,11.199999809265137,11.220000267028809
2019-06-05,11.130000114440918,11.215999603271484,10.0,10.069999694824219
2019-06-06,10.1899995803833,10.46500015258789,9.9399995803833,10.0
2019-06-07,10.0,11.539999961853027,9.989999771118164,11.5
2019-06-10,11.520000457763672,11.779999732971191,11.149999618530273,11.399999618530273
2019-06-11,11.460000038146973,11.552000045776367,10.51099967956543,10.920000076293945
2019-06-12,10.739999771118164,11.100000381469727,10.739999771118164,10.880000114440918
2019-06-13,10.899999618530273,11.0,10.62600040435791,10.720000267028809
2019-06-14,10.640000343322754,10.739999771118164,10.020000457763672,10.65999984741211
2019-06-17,10.770000457763672,11.039999961853027,10.645999908447266,10.949999809265137
2019-06-18,10.9399995803833,11.0,10.760000228881836,10.890000343322754
2019-06-19,10.880000114440918,11.0,10.600000381469727,10.739999771118164
2019-06-20,10.84000015258789,10.850000381469727,10.609999656677246,10.609999656677246
2019-06-21,10.65999984741211,10.840999603271484,10.5,10.520000457763672
2019-06-24,10.890000343322754,10.890000343322754,10.5,10.600000381469727
2019-06-25,10.59000015258789,10.59000015258789,10.399999618530273,10.399999618530273
2019-06-26,10.449999809265137,10.767999649047852,10.449999809265137,10.5
2019-06-27,10.503000259399414,10.989999771118164,10.503000259399414,10.75
2019-06-28,10.720000267028809,11.300000190734863,10.670000076293945,11.300000190734863
2019-07-01,11.449999809265137,11.449999809265137,10.899999618530273,11.199999809265137
2019-07-02,11.010000228881836,11.300000190734863,11.010000228881836,11.1899995803833
2019-07-03,11.239999771118164,11.239999771118164,10.8100004196167,11.0
2019-07-05,10.869999885559082,11.0,10.800000190734863,10.819999694824219
2019-07-08,10.899999618530273,10.899999618530273,10.600000381469727,10.850000381469727
2019-07-09,10.850000381469727,10.850000381469727,10.350000381469727,10.770000457763672
2019-07-10,10.949999809265137,10.949999809265137,10.600000381469727,10.6899995803833
2019-07-11,10.6899995803833,10.755999565124512,10.4399995803833,10.4399995803833
2019-07-12,10.5600004196167,10.600000381469727,10.430000305175781,10.430000305175781
2019-07-15,10.399999618530273,10.899999618530273,10.399999618530273,10.720000267028809
2019-07-16,10.829999923706055,10.829999923706055,10.510000228881836,10.727999687194824
2019-07-17,10.729999542236328,10.989999771118164,10.510000228881836,10.989999771118164
2019-07-18,10.989999771118164,11.0,10.529999732971191,11.0
2019-07-19,10.989999771118164,10.989999771118164,10.670000076293945,10.850000381469727
2019-07-22,10.720000267028809,10.968000411987305,10.630999565124512,10.819999694824219
2019-07-23,10.680000305175781,10.800000190734863,10.680000305175781,10.800000190734863
2019-07-24,10.770000457763672,10.777999877929688,10.569999694824219,10.680000305175781
2019-07-25,10.6899995803833,10.798999786376953,10.680000305175781,10.680000305175781
2019-07-26,10.739999771118164,10.739999771118164,10.550000190734863,10.619999885559082
2019-07-29,10.529999732971191,10.737000465393066,10.529999732971191,10.5600004196167
2019-07-30,10.520000457763672,10.699999809265137,10.520000457763672,10.699999809265137
2019-07-31,10.593000411987305,10.789999961853027,10.529999732971191,10.720000267028809
2019-08-01,10.720000267028809,10.84000015258789,10.720000267028809,10.84000015258789
2019-08-02,10.569999694824219,10.670000076293945,10.5,10.550000190734863
2019-08-05,10.40999984741211,10.444000244140625,10.050000190734863,10.149999618530273
2019-08-06,10.130000114440918,10.130000114440918,9.199999809265137,9.989999771118164
2019-08-07,9.732000350952148,10.050000190734863,9.649999618530273,10.050000190734863
2019-08-08,9.960000038146973,10.039999961853027,9.449999809265137,10.0
2019-08-09,9.822999954223633,10.0649995803833,9.699999809265137,9.9399995803833
2019-08-12,9.710000038146973,9.9399995803833,9.710000038146973,9.9399995803833
2019-08-13,9.800000190734863,9.875,9.600000381469727,9.739999771118164
2019-08-14,9.609999656677246,9.609999656677246,8.956000328063965,9.260000228881836
2019-08-15,9.130000114440918,9.699999809265137,9.119999885559082,9.479999542236328
2019-08-16,9.65999984741211,9.809000015258789,9.350000381469727,9.699999809265137
2019-08-19,9.75,9.9399995803833,9.430000305175781,9.800000190734863
2019-08-20,9.946999549865723,10.0,9.579999923706055,10.0
2019-08-21,10.0,10.824999809265137,10.0,10.600000381469727
2019-08-22,10.5,10.739999771118164,9.170000076293945,9.390000343322754
2019-08-23,9.180000305175781,9.300000190734863,7.800000190734863,8.100000381469727
2019-08-26,8.489999771118164,8.789999961853027,7.349999904632568,7.5
2019-08-27,7.5,7.570000171661377,6.039999961853027,6.050000190734863
2019-08-28,6.53000020980835,7.315999984741211,6.380000114440918,6.460000038146973
2019-08-29,6.489999771118164,6.800000190734863,6.4670000076293945,6.679999828338623
2019-08-30,6.650000095367432,6.800000190734863,6.130000114440918,6.150000095367432
2019-09-03,6.119999885559082,6.375,6.050000190734863,6.139999866485596
2019-09-04,6.190000057220459,6.349999904632568,6.099999904632568,6.230000019073486
2019-09-05,6.260000228881836,6.96999979019165,6.199999809265137,6.699999809265137
2019-09-06,6.760000228881836,7.179999828338623,6.699999809265137,7.0
2019-09-09,7.019999980926514,7.099999904632568,6.610000133514404,6.989999771118164
2019-09-10,6.849999904632568,7.190000057220459,6.78000020980835,6.940000057220459
2019-09-11,7.039999961853027,7.050000190734863,6.900000095367432,6.900000095367432
2019-09-12,6.909999847412109,7.449999809265137,6.909999847412109,7.449999809265137
2019-09-13,7.46999979019165,7.736000061035156,7.46999979019165,7.630000114440918
2019-09-16,7.460000038146973,7.730000019073486,7.21999979019165,7.710000038146973
2019-09-17,7.650000095367432,7.800000190734863,7.590000152587891,7.679999828338623
2019-09-18,7.570000171661377,8.25,7.570000171661377,7.849999904632568
2019-09-19,7.730000019073486,7.980000019073486,7.5,7.929999828338623
2019-09-20,7.849999904632568,8.0,7.439000129699707,7.619999885559082
2019-09-23,7.610000133514404,7.809999942779541,7.510000228881836,7.75
2019-09-24,7.630000114440918,7.739999771118164,6.800000190734863,6.940000057220459
2019-09-25,7.179999828338623,7.179999828338623,6.699999809265137,7.130000114440918
2019-09-26,7.019999980926514,7.300000190734863,6.882999897003174,7.150000095367432
2019-09-27,7.059999942779541,7.269999980926514,6.630000114440918,6.860000133514404
2019-09-30,6.980000019073486,7.090000152587891,6.739999771118164,6.869999885559082
2019-10-01,6.860000133514404,7.090000152587891,6.690000057220459,6.940000057220459
2019-10-02,6.869999885559082,7.039999961853027,6.800000190734863,6.900000095367432
2019-10-03,6.920000076293945,7.019999980926514,6.789999961853027,6.880000114440918
2019-10-04,6.860000133514404,7.168000221252441,6.860000133514404,6.940000057220459
2019-10-07,6.840000152587891,7.039999961853027,6.71999979019165,6.900000095367432
2019-10-08,6.869999885559082,7.03000020980835,6.849999904632568,6.909999847412109
2019-10-09,6.949999809265137,7.139999866485596,6.869999885559082,6.960000038146973
2019-10-10,6.929999828338623,7.050000190734863,6.909999847412109,6.96999979019165
2019-10-11,7.010000228881836,7.117000102996826,6.849999904632568,6.989999771118164
2019-10-14,6.909999847412109,7.090000152587891,6.710000038146973,6.880000114440918
2019-10-15,6.849999904632568,7.0,6.75,6.820000171661377
2019-10-16,6.75,6.909999847412109,6.260000228881836,6.489999771118164
2019-10-17,6.5,6.53000020980835,5.900000095367432,6.079999923706055
2019-10-18,6.050000190734863,6.150000095367432,5.449999809265137,5.46999979019165
2019-10-21,5.480000019073486,5.909999847412109,5.0,5.050000190734863
2019-10-22,5.059999942779541,5.563000202178955,4.840000152587891,5.170000076293945
2019-10-23,5.170000076293945,5.409999847412109,4.800000190734863,5.010000228881836
2019-10-24,5.059999942779541,5.199999809265137,4.78000020980835,4.96999979019165
2019-10-25,4.920000076293945,5.103000164031982,4.849999904632568,5.010000228881836
2019-10-28,5.110000133514404,5.389999866485596,4.929999828338623,5.050000190734863
2019-10-29,5.0,5.099999904632568,4.829999923706055,4.949999809265137
2019-10-30,4.989999771118164,5.320000171661377,4.880000114440918,5.139999866485596
2019-10-31,5.099999904632568,5.173999786376953,4.960000038146973,5.039999961853027
2019-11-01,5.070000171661377,5.239999771118164,5.010000228881836,5.090000152587891
2019-11-04,5.119999885559082,5.199999809265137,4.860000133514404,4.880000114440918
2019-11-05,4.869999885559082,5.170000076293945,4.800000190734863,5.099999904632568
2019-11-06,5.070000171661377,5.199999809265137,4.900000095367432,4.909999847412109
2019-11-07,4.909999847412109,5.099999904632568,4.894999980926514,4.949999809265137
2019-11-08,4.989999771118164,5.065000057220459,4.449999809265137,4.579999923706055
2019-11-11,4.46999979019165,4.699999809265137,4.300000190734863,4.400000095367432
2019-11-12,4.349999904632568,4.550000190734863,4.329999923706055,4.369999885559082
2019-11-13,4.329999923706055,4.46999979019165,4.25,4.269999980926514
2019-11-14,4.28000020980835,4.420000076293945,4.019999980926514,4.110000133514404
2019-11-15,4.070000171661377,4.320000171661377,4.059999942779541,4.130000114440918
2019-11-18,4.110000133514404,4.300000190734863,4.070000171661377,4.070000171661377
2019-11-19,4.110000133514404,4.210000038146973,3.9200000762939453,4.050000190734863
2019-11-20,4.0,4.166999816894531,3.9000000953674316,3.9700000286102295
2019-11-21,3.9100000858306885,4.050000190734863,3.799999952316284,3.950000047683716
2019-11-22,3.9200000762939453,4.02400016784668,3.859999895095825,3.9000000953674316
2019-11-25,3.950000047683716,4.050000190734863,3.9200000762939453,4.0
2019-11-26,3.950000047683716,4.019999980926514,3.869999885559082,3.890000104904175
2019-11-27,3.859999895095825,4.175000190734863,3.859999895095825,3.990000009536743
2019-11-29,3.9200000762939453,4.050000190734863,3.9200000762939453,3.950000047683716
2019-12-02,3.9000000953674316,4.380000114440918,3.9000000953674316,4.159999847412109
2019-12-03,4.199999809265137,4.939000129699707,4.099999904632568,4.699999809265137
2019-12-04,4.699999809265137,4.929999828338623,4.570000171661377,4.599999904632568
2019-12-05,4.599999904632568,4.916999816894531,4.510000228881836,4.829999923706055
2019-12-06,4.840000152587891,5.099999904632568,4.840000152587891,4.96999979019165
2019-12-09,5.019999980926514,5.019999980926514,4.550000190734863,4.71999979019165
2019-12-10,4.699999809265137,5.480000019073486,4.650000095367432,5.360000133514404
2019-12-11,5.460000038146973,5.699999809265137,5.199999809265137,5.619999885559082
2019-12-12,5.639999866485596,5.949999809265137,5.610000133514404,5.809999942779541
2019-12-13,5.920000076293945,5.940000057220459,5.369999885559082,5.579999923706055
2019-12-16,5.590000152587891,5.800000190734863,5.260000228881836,5.650000095367432
2019-12-17,5.630000114440918,5.78000020980835,5.579999923706055,5.699999809265137
2019-12-18,5.659999847412109,5.659999847412109,5.269999980926514,5.440000057220459
2019-12-19,5.409999847412109,5.409999847412109,5.010000228881836,5.25
2019-12-20,5.340000152587891,5.340000152587891,5.03000020980835,5.139999866485596
2019-12-23,5.070000171661377,5.150000095367432,4.769999980926514,4.860000133514404
2019-12-24,4.800000190734863,4.880000114440918,4.690000057220459,4.699999809265137
2019-12-26,4.699999809265137,4.909999847412109,4.670000076293945,4.699999809265137
2019-12-27,4.710000038146973,4.820000171661377,4.650000095367432,4.710000038146973
2019-12-30,4.699999809265137,4.699999809265137,4.440000057220459,4.460000038146973
2019-12-31,4.440000057220459,4.730000019073486,4.440000057220459,4.579999923706055
2020-01-02,4.639999866485596,4.75,4.429999828338623,4.480000019073486
2020-01-03,4.420000076293945,5.489999771118164,4.420000076293945,5.050000190734863
2020-01-06,4.809999942779541,5.389999866485596,4.809999942779541,5.269999980926514
2020-01-07,5.170000076293945,5.380000114440918,5.025000095367432,5.210000038146973
2020-01-08,5.0,5.4670000076293945,5.0,5.150000095367432
2020-01-09,5.0,5.579999923706055,5.0,5.309999942779541
2020-01-10,5.269999980926514,5.599999904632568,5.230000019073486,5.460000038146973
2020-01-13,5.489999771118164,5.679999828338623,5.389999866485596,5.539999961853027
2020-01-14,5.519999980926514,5.75,5.519999980926514,5.639999866485596
2020-01-15,5.570000171661377,5.679999828338623,5.420000076293945,5.550000190734863
2020-01-16,5.519999980926514,5.889999866485596,5.320000171661377,5.809999942779541
2020-01-17,5.75,5.849999904632568,5.619999885559082,5.659999847412109
2020-01-21,5.550000190734863,5.599999904632568,5.150000095367432,5.210000038146973
2020-01-22,5.230000019073486,5.414000034332275,5.210000038146973,5.21999979019165
2020-01-23,5.179999828338623,5.260000228881836,5.050000190734863,5.159999847412109
2020-01-24,5.130000114440918,5.651000022888184,5.050000190734863,5.139999866485596
2020-01-27,5.050000190734863,5.349999904632568,5.0,5.340000152587891
2020-01-28,5.320000171661377,5.539999961853027,5.25,5.289999961853027
2020-01-29,5.309999942779541,5.630000114440918,5.25,5.579999923706055
2020-01-30,5.400000095367432,5.579999923706055,5.309999942779541,5.510000228881836
2020-01-31,5.440000057220459,5.440000057220459,5.050000190734863,5.139999866485596
2020-02-03,5.139999866485596,5.2129998207092285,4.880000114440918,5.139999866485596
2020-02-04,5.139999866485596,5.289999961853027,5.059999942779541,5.090000152587891
2020-02-05,5.010000228881836,5.360000133514404,5.010000228881836,5.170000076293945
2020-02-06,5.110000133514404,5.150000095367432,4.829999923706055,4.929999828338623
2020-02-07,4.889999866485596,5.150000095367432,4.710000038146973,4.840000152587891
2020-02-10,4.760000228881836,5.039999961853027,4.699999809265137,4.860000133514404
2020-02-11,4.960000038146973,5.289999961853027,4.840000152587891,4.949999809265137
2020-02-12,5.0,5.065000057220459,4.882999897003174,5.0
2020-02-13,4.920000076293945,5.059999942779541,4.849999904632568,4.849999904632568
2020-02-14,4.860000133514404,4.86299991607666,4.5,4.5
2020-02-18,4.630000114440918,4.664000034332275,4.256999969482422,4.320000171661377
2020-02-19,4.340000152587891,4.369999885559082,4.170000076293945,4.179999828338623
2020-02-20,4.25,4.25,4.119999885559082,4.170000076293945
2020-02-21,4.170000076293945,4.409999847412109,4.119999885559082,4.199999809265137
2020-02-24,4.199999809265137,4.340000152587891,4.110000133514404,4.239999771118164
2020-02-25,4.199999809265137,4.271999835968018,4.010000228881836,4.03000020980835
2020-02-26,4.0,4.429999828338623,3.9749999046325684,4.190000057220459
2020-02-27,4.159999847412109,4.25,4.050000190734863,4.099999904632568
2020-02-28,4.050000190734863,4.172999858856201,3.9000000953674316,4.150000095367432
2020-03-02,4.21999979019165,4.519999980926514,4.170000076293945,4.519999980926514
2020-03-03,4.489999771118164,4.5,4.179999828338623,4.449999809265137
2020-03-04,4.440000057220459,4.440000057220459,4.059999942779541,4.300000190734863
2020-03-05,4.289999961853027,4.400000095367432,4.010000228881836,4.380000114440918
2020-03-06,4.480000019073486,4.5,3.9200000762939453,4.269999980926514
2020-03-09,4.010000228881836,4.199999809265137,4.010000228881836,4.119999885559082
2020-03-10,4.170000076293945,4.21999979019165,3.3299999237060547,3.6700000762939453
2020-03-11,3.680000066757202,4.110000133514404,3.549999952316284,3.8499999046325684
2020-03-12,3.700000047683716,3.700000047683716,3.3499999046325684,3.440000057220459
2020-03-13,3.4600000381469727,4.0,3.450000047683716,3.5199999809265137
2020-03-16,3.4100000858306885,3.799999952316284,3.0299999713897705,3.6500000953674316
2020-03-17,3.6700000762939453,3.799999952316284,2.75,3.700000047683716
2020-03-18,3.549999952316284,3.799999952316284,3.009999990463257,3.2899999618530273
2020-03-19,3.25,3.5,3.25,3.299999952316284
2020-03-20,3.25,3.3499999046325684,3.1600000858306885,3.190000057220459
2020-03-23,3.0999999046325684,3.5999999046325684,2.9200000762939453,3.1500000953674316
2020-03-24,3.190000057220459,3.799999952316284,2.9100000858306885,3.569999933242798
2020-03-25,3.5199999809265137,3.700000047683716,3.180000066757202,3.700000047683716
2020-03-26,3.5999999046325684,3.7799999713897705,3.559999942779541,3.609999895095825
2020-03-27,3.549999952316284,3.759999990463257,3.4000000953674316,3.7100000381469727
2020-03-30,3.700000047683716,3.7090001106262207,3.380000114440918,3.450000047683716
2020-03-31,3.2899999618530273,3.759999990463257,3.2899999618530273,3.6600000858306885
2020-04-01,3.6600000858306885,3.7899999618530273,3.299999952316284,3.430000066757202
2020-04-02,3.369999885559082,3.5899999141693115,3.3399999141693115,3.5399999618530273
2020-04-03,3.4100000858306885,3.5999999046325684,3.0999999046325684,3.430000066757202
2020-04-06,3.450000047683716,3.569999933242798,3.1700000762939453,3.309999942779541
2020-04-07,3.25,3.4000000953674316,3.121000051498413,3.25
2020-04-08,3.369999885559082,3.369999885559082,3.0999999046325684,3.109999895095825
2020-04-09,3.1500000953674316,3.299999952316284,3.109999895095825,3.2899999618530273
2020-04-13,3.3399999141693115,3.3399999141693115,3.200000047683716,3.2899999618530273
2020-04-14,3.450000047683716,3.450000047683716,3.1700000762939453,3.2200000286102295
2020-04-15,3.0899999141693115,3.1540000438690186,2.940000057220459,3.059999942779541
2020-04-16,3.119999885559082,3.174999952316284,2.950000047683716,3.0999999046325684
2020-04-17,3.069999933242798,3.240000009536743,2.9000000953674316,3.0399999618530273
2020-04-20,2.9800000190734863,3.0799999237060547,2.859999895095825,2.930000066757202
2020-04-21,2.9600000381469727,2.9800000190734863,2.640000104904175,2.8299999237060547
2020-04-22,2.9200000762939453,3.3399999141693115,2.8399999141693115,3.2100000381469727
2020-04-23,3.1500000953674316,3.5299999713897705,3.1500000953674316,3.440000057220459
2020-04-24,3.369999885559082,3.819999933242798,3.369999885559082,3.7300000190734863
2020-04-27,3.75,4.25,3.700000047683716,4.130000114440918
2020-04-28,4.059999942779541,4.309999942779541,3.9800000190734863,4.099999904632568
2020-04-29,4.019999980926514,4.360000133514404,3.9100000858306885,4.110000133514404
2020-04-30,4.039999961853027,4.449999809265137,4.0229997634887695,4.309999942779541
2020-05-01,4.309999942779541,4.309999942779541,3.809999942779541,3.809999942779541
2020-05-04,3.7200000286102295,3.940000057220459,3.549999952316284,3.609999895095825
2020-05-05,3.559999942779541,3.8299999237060547,3.450000047683716,3.509999990463257
2020-05-06,3.450000047683716,3.694999933242798,3.4100000858306885,3.680000066757202
2020-05-07,3.7300000190734863,3.799999952316284,3.4600000381469727,3.690000057220459
2020-05-08,3.630000114440918,3.990000009536743,3.630000114440918,3.890000104904175
2020-05-11,3.940000057220459,4.019999980926514,3.8399999141693115,3.9800000190734863
2020-05-12,3.930000066757202,4.014999866485596,3.7100000381469727,3.9200000762939453
2020-05-13,3.819999933242798,4.019999980926514,3.609999895095825,3.940000057220459
2020-05-14,3.940000057220459,3.994999885559082,3.7100000381469727,3.9000000953674316
2020-05-15,3.880000114440918,4.2170000076293945,3.880000114440918,4.043000221252441
2020-05-18,4.150000095367432,4.175000190734863,3.8499999046325684,3.8499999046325684
2020-05-19,3.8399999141693115,4.159999847412109,3.697000026702881,3.8499999046325684
2020-05-20,3.9800000190734863,4.119999885559082,3.75,3.880000114440918
2020-05-21,3.869999885559082,3.990000009536743,3.609999895095825,3.859999895095825
2020-05-22,3.7699999809265137,4.010000228881836,3.359999895095825,3.4000000953674316
2020-05-26,3.569999933242798,3.739000082015991,3.450000047683716,3.5199999809265137
2020-05-27,3.4800000190734863,3.490000009536743,3.049999952316284,3.1500000953674316
2020-05-28,3.3299999237060547,3.73799991607666,3.059999942779541,3.309999942779541
2020-05-29,3.309999942779541,3.450000047683716,3.2200000286102295,3.4000000953674316
2020-06-01,3.369999885559082,3.5299999713897705,3.315000057220459,3.380000114440918
2020-06-02,3.299999952316284,3.9800000190734863,3.299999952316284,3.690000057220459
2020-06-03,3.700000047683716,3.880000114440918,3.200000047683716,3.609999895095825
2020-06-04,3.5,3.630000114440918,3.328000068664551,3.5199999809265137
2020-06-05,3.5199999809265137,3.740000009536743,3.259999990463257,3.3499999046325684
2020-06-08,3.319999933242798,3.572000026702881,3.259999990463257,3.259999990463257
2020-06-09,3.259999990463257,3.359999895095825,3.0450000762939453,3.0899999141693115
2020-06-10,3.130000114440918,3.130000114440918,2.9700000286102295,2.9700000286102295
2020-06-11,2.9600000381469727,2.9600000381469727,2.690000057220459,2.7200000286102295
2020-06-12,2.8399999141693115,2.990000009536743,2.559999942779541,2.559999942779541
2020-06-15,2.680000066757202,2.859999895095825,2.640000104904175,2.7699999809265137
2020-06-16,2.8499999046325684,3.140000104904175,2.799999952316284,2.990000009536743
2020-06-17,2.9800000190734863,3.0,2.8499999046325684,2.9100000858306885
2020-06-18,2.880000114440918,2.990000009536743,2.799999952316284,2.799999952316284
2020-06-19,2.859999895095825,2.930000066757202,2.680000066757202,2.680000066757202
2020-06-22,2.640000104904175,2.869999885559082,2.5,2.7100000381469727
2020-06-23,2.700000047683716,2.8480000495910645,2.6700000762939453,2.799999952316284
2020-06-24,2.7899999618530273,2.859999895095825,2.640000104904175,2.8399999141693115
2020-06-25,2.8399999141693115,2.930000066757202,2.7100000381469727,2.880000114440918
2020-06-26,2.880000114440918,2.930000066757202,2.7869999408721924,2.799999952316284
2020-06-29,2.7799999713897705,2.930000066757202,2.7200000286102295,2.799999952316284
2020-06-30,2.7699999809265137,2.8499999046325684,2.690000057220459,2.690000057220459
2020-07-01,2.7100000381469727,2.7899999618530273,2.680000066757202,2.694999933242798
2020-07-02,2.690000057220459,2.75,2.559999942779541,2.559999942779541
2020-07-06,2.6600000858306885,2.799999952316284,2.6500000953674316,2.680000066757202
2020-07-07,2.7300000190734863,2.8399999141693115,2.690000057220459,2.740000009536743
2020-07-08,2.7799999713897705,2.950000047683716,2.7699999809265137,2.819999933242798
2020-07-09,2.950000047683716,3.069999933242798,2.9000000953674316,2.9600000381469727
2020-07-10,3.009999990463257,3.3499999046325684,2.950000047683716,3.240000009536743
2020-07-13,3.3499999046325684,3.3499999046325684,2.7799999713897705,2.7799999713897705
2020-07-14,2.8399999141693115,2.9800000190734863,2.6530001163482666,2.809999942779541
2020-07-15,2.859999895095825,2.9700000286102295,2.7100000381469727,2.7100000381469727
2020-07-16,2.7200000286102295,2.7799999713897705,2.6500000953674316,2.690000057220459
2020-07-17,2.6700000762939453,2.7899999618530273,2.640000104904175,2.690000057220459
2020-07-20,2.75,2.9000000953674316,2.630000114440918,2.7799999713897705
2020-07-21,2.7899999618530273,2.8499999046325684,2.75,2.7799999713897705
2020-07-22,2.7699999809265137,2.799999952316284,2.6700000762939453,2.690000057220459
2020-07-23,2.690000057220459,2.759999990463257,2.609999895095825,2.6500000953674316
2020-07-24,2.6500000953674316,2.7699999809265137,2.5999999046325684,2.700000047683716
2020-07-27,2.6700000762939453,2.799999952316284,2.630000114440918,2.6600000858306885
2020-07-28,2.6500000953674316,2.759999990463257,2.640000104904175,2.6700000762939453
2020-07-29,2.640000104904175,2.740000009536743,2.509999990463257,2.630000114440918
2020-07-30,2.630000114440918,2.690000057220459,2.569999933242798,2.640000104904175
2020-07-31,2.690000057220459,2.819999933242798,2.680000066757202,2.7300000190734863
2020-08-03,2.7300000190734863,2.859999895095825,2.6700000762939453,2.8299999237060547
2020-08-04,2.8399999141693115,2.890000104904175,2.759999990463257,2.7899999618530273
2020-08-05,2.8399999141693115,2.9200000762939453,2.680000066757202,2.8499999046325684
2020-08-06,2.819999933242798,2.930000066757202,2.700000047683716,2.740000009536743
2020-08-07,2.700000047683716,2.799999952316284,2.630000114440918,2.6700000762939453
2020-08-10,2.640000104904175,2.7699999809265137,2.640000104904175,2.700000047683716
2020-08-11,2.680000066757202,2.740000009536743,2.6700000762939453,2.680000066757202
2020-08-12,2.680000066757202,2.75,2.609999895095825,2.674999952316284
2020-08-13,2.680000066757202,2.799999952316284,2.680000066757202,2.7699999809265137
2020-08-14,2.7300000190734863,2.869999885559082,2.700000047683716,2.759999990463257
2020-08-17,2.7899999618530273,2.880000114440918,2.7300000190734863,2.8299999237060547
2020-08-18,2.799999952316284,3.1640000343322754,2.7699999809265137,3.130000114440918
2020-08-19,3.130000114440918,3.2300000190734863,2.799999952316284,2.8499999046325684
2020-08-20,2.8499999046325684,2.9200000762939453,2.680000066757202,2.700000047683716
2020-08-21,2.7200000286102295,2.8499999046325684,2.690000057220459,2.75
2020-08-24,2.759999990463257,2.890000104904175,2.759999990463257,2.809999942779541
2020-08-25,2.5999999046325684,2.746999979019165,2.509999990463257,2.619999885559082
2020-08-26,2.6700000762939453,2.694000005722046,2.378000020980835,2.5799999237060547
2020-08-27,2.5999999046325684,2.614000082015991,2.450000047683716,2.509999990463257
2020-08-28,2.5,2.5850000381469727,2.4600000381469727,2.569999933242798
2020-08-31,2.5199999809265137,2.575000047683716,2.450000047683716,2.509999990463257
2020-09-01,2.490000009536743,2.5299999713897705,2.4200000762939453,2.5
2020-09-02,2.509999990463257,2.509999990463257,2.4000000953674316,2.490000009536743
2020-09-03,2.4800000190734863,2.5,2.4000000953674316,2.4200000762939453
2020-09-04,2.450000047683716,2.450000047683716,2.2100000381469727,2.259999990463257
2020-09-08,2.299999952316284,2.450000047683716,2.200000047683716,2.25
2020-09-09,2.25,2.3499999046325684,2.200000047683716,2.25
2020-09-10,2.25,2.2699999809265137,1.9199999570846558,1.9700000286102295
2020-09-11,2.0899999141693115,2.109999895095825,1.9700000286102295,2.069999933242798
2020-09-14,2.049999952316284,2.0999999046325684,1.9500000476837158,2.0
2020-09-15,2.0,2.0850000381469727,1.9600000381469727,1.9700000286102295
2020-09-16,2.009999990463257,2.0999999046325684,1.9500000476837158,1.9800000190734863
2020-09-17,1.9900000095367432,2.069999933242798,1.9500000476837158,1.9500000476837158
2020-09-18,2.0199999809265137,2.0199999809265137,1.7999999523162842,1.7999999523162842
2020-09-21,1.7999999523162842,1.8799999952316284,1.7400000095367432,1.840000033378601
2020-09-22,1.8799999952316284,1.9700000286102295,1.7949999570846558,1.899999976158142
2020-09-23,1.9199999570846558,2.0199999809265137,1.7999999523162842,1.9199999570846558
2020-09-24,1.8600000143051147,1.9900000095367432,1.7200000286102295,1.75
2020-09-25,1.7599999904632568,1.878999948501587,1.7100000381469727,1.7599999904632568
2020-09-28,1.8700000047683716,1.9199999570846558,1.75,1.7799999713897705
2020-09-29,1.75,1.812999963760376,1.7400000095367432,1.75
2020-09-30,2.069999933242798,2.0899999141693115,1.75,1.840000033378601
2020-10-01,1.809999942779541,1.9199999570846558,1.7999999523162842,1.8300000429153442
2020-10-02,1.7799999713897705,1.815000057220459,1.6699999570846558,1.809999942779541
2020-10-05,1.7799999713897705,1.8600000143051147,1.75,1.8300000429153442
2020-10-06,1.809999942779541,1.8799999952316284,1.7699999809265137,1.7999999523162842
2020-10-07,1.8200000524520874,1.850000023841858,1.75,1.7699999809265137
2020-10-08,1.7699999809265137,1.8200000524520874,1.7599999904632568,1.7599999904632568
2020-10-09,1.809999942779541,1.809999942779541,1.7000000476837158,1.7000000476837158
2020-10-12,1.75,1.8600000143051147,1.7000000476837158,1.850000023841858
2020-10-13,1.8799999952316284,1.9600000381469727,1.850000023841858,1.8799999952316284
2020-10-14,1.8799999952316284,2.0,1.850000023841858,1.899999976158142
2020-10-15,1.8899999856948853,1.9700000286102295,1.8300000429153442,1.840000033378601
2020-10-16,1.840000033378601,1.909999966621399,1.8300000429153442,1.8300000429153442
2020-10-19,1.8300000429153442,1.899999976158142,1.809999942779541,1.8300000429153442
2020-10-20,1.809999942779541,1.9199999570846558,1.7999999523162842,1.7999999523162842
2020-10-21,1.8300000429153442,1.899999976158142,1.812999963760376,1.840000033378601
2020-10-22,1.8799999952316284,1.909999966621399,1.8200000524520874,1.8700000047683716
2020-10-23,1.850000023841858,1.909999966621399,1.840999960899353,1.8799999952316284
2020-10-26,1.899999976158142,2.0299999713897705,1.850000023841858,2.0199999809265137
2020-10-27,2.0299999713897705,2.0299999713897705,1.8700000047683716,1.9500000476837158
2020-10-28,1.9600000381469727,2.009999990463257,1.8799999952316284,1.8799999952316284
2020-10-29,1.909999966621399,2.069999933242798,1.8799999952316284,1.9900000095367432
2020-10-30,2.0299999713897705,2.0299999713897705,1.899999976158142,1.9500000476837158
2020-11-02,1.9700000286102295,2.059999942779541,1.9500000476837158,2.0
2020-11-03,2.0399999618530273,2.0799999237060547,1.909999966621399,1.9500000476837158
2020-11-04,1.9600000381469727,1.9800000190734863,1.840000033378601,1.850000023841858
2020-11-05,1.9299999475479126,1.940000057220459,1.850000023841858,1.8700000047683716
2020-11-06,1.840000033378601,1.909999966621399,1.840000033378601,1.840000033378601
2020-11-09,1.8700000047683716,1.899999976158142,1.840000033378601,1.850000023841858
2020-11-10,1.8700000047683716,1.9199999570846558,1.75,1.8700000047683716
2020-11-11,1.8700000047683716,1.9500000476837158,1.850000023841858,1.8799999952316284
2020-11-12,1.909999966621399,2.0399999618530273,1.8700000047683716,1.9700000286102295
2020-11-13,1.9900000095367432,2.0299999713897705,1.8200000524520874,1.8700000047683716
2020-11-16,1.8899999856948853,1.9500000476837158,1.850000023841858,1.899999976158142
2020-11-17,1.899999976158142,1.9199999570846558,1.840000033378601,1.850000023841858
2020-11-18,1.8300000429153442,1.940000057220459,1.8300000429153442,1.8600000143051147
2020-11-19,1.899999976158142,1.899999976158142,1.8300000429153442,1.850000023841858
2020-11-20,1.8600000143051147,1.9199999570846558,1.8600000143051147,1.8899999856948853
2020-11-23,1.9299999475479126,2.25,1.9299999475479126,2.25
2020-11-24,2.5799999237060547,5.710000038146973,2.559999942779541,4.289999961853027
2020-11-25,6.019999980926514,6.050000190734863,4.110000133514404,4.929999828338623
2020-11-27,4.179999828338623,4.449999809265137,3.799999952316284,3.809999942779541
2020-11-30,3.549999952316284,3.569999933242798,2.9200000762939453,3.2699999809265137
2020-12-01,3.180000066757202,3.450000047683716,2.819999933242798,2.9600000381469727
2020-12-02,2.7799999713897705,2.8399999141693115,2.5299999713897705,2.75
2020-12-03,2.8399999141693115,2.8399999141693115,2.609999895095825,2.7300000190734863
2020-12-04,2.7300000190734863,2.9600000381469727,2.630000114440918,2.7200000286102295
2020-12-07,2.6649999618530273,2.7799999713897705,2.509999990463257,2.740000009536743
2020-12-08,2.6700000762939453,2.7300000190734863,2.5999999046325684,2.609999895095825
2020-12-09,2.569999933242798,2.5999999046325684,2.4200000762939453,2.4600000381469727
2020-12-10,2.380000114440918,2.450000047683716,2.309999942779541,2.380000114440918
2020-12-11,2.319999933242798,2.3499999046325684,2.2699999809265137,2.3499999046325684
2020-12-14,2.309999942779541,2.3499999046325684,2.200000047683716,2.3299999237060547
2020-12-15,2.259999990463257,2.3299999237060547,2.1700000762939453,2.259999990463257
2020-12-16,2.200000047683716,2.259999990463257,2.109999895095825,2.140000104904175
2020-12-17,2.1500000953674316,2.194999933242798,2.049999952316284,2.1600000858306885
2020-12-18,2.1700000762939453,2.319999933242798,2.0999999046325684,2.299999952316284
2020-12-21,2.259999990463257,2.2750000953674316,2.1500000953674316,2.190000057220459
2020-12-22,2.180000066757202,2.190000057220459,2.0299999713897705,2.0899999141693115
2020-12-23,2.0799999237060547,2.25,2.0199999809265137,2.140000104904175
2020-12-24,2.109999895095825,2.109999895095825,2.0299999713897705,2.0399999618530273
2020-12-28,2.049999952316284,2.059999942779541,1.8799999952316284,1.909999966621399
2020-12-29,1.899999976158142,1.9800000190734863,1.8600000143051147,1.940000057220459
2020-12-30,1.9199999570846558,1.9700000286102295,1.8799999952316284,1.9199999570846558
2020-12-31,1.940000057220459,1.940000057220459,1.8300000429153442,1.850000023841858
2021-01-04,1.850000023841858,1.9199999570846558,1.8200000524520874,1.899999976158142
2021-01-05,1.9199999570846558,2.1700000762939453,1.9199999570846558,2.140000104904175
2021-01-06,2.1700000762939453,2.1700000762939453,2.0299999713897705,2.059999942779541
2021-01-07,2.069999933242798,2.2300000190734863,2.0399999618530273,2.200000047683716
2021-01-08,2.240000009536743,2.2899999618530273,2.0799999237060547,2.259999990463257
2021-01-11,2.2699999809265137,2.365000009536743,2.200000047683716,2.25
2021-01-12,2.2899999618530273,2.299999952316284,2.200000047683716,2.259999990463257
2021-01-13,2.25,2.5,2.236999988555908,2.490000009536743
2021-01-14,2.5399999618530273,2.6600000858306885,2.3499999046325684,2.4200000762939453
2021-01-15,2.4600000381469727,2.4600000381469727,2.200000047683716,2.2799999713897705
2021-01-19,2.2799999713897705,2.4079999923706055,2.25,2.369999885559082
2021-01-20,2.390000104904175,2.5299999713897705,2.3420000076293945,2.4800000190734863
2021-01-21,2.559999942779541,2.630000114440918,2.4000000953674316,2.5399999618530273
2021-01-22,2.5199999809265137,2.5899999141693115,2.4790000915527344,2.559999942779541
2021-01-25,2.5999999046325684,2.75,2.5199999809265137,2.609999895095825
2021-01-26,2.640000104904175,2.693000078201294,2.4600000381469727,2.490000009536743
2021-01-27,2.4100000858306885,2.440000057220459,2.309999942779541,2.3499999046325684
2021-01-28,2.299999952316284,2.359999895095825,2.190000057220459,2.2200000286102295
2021-01-29,2.25,2.4100000858306885,2.240000009536743,2.309999942779541
2021-02-01,2.369999885559082,2.385999917984009,2.2799999713897705,2.3299999237060547
2021-02-02,2.369999885559082,2.369999885559082,2.2300000190734863,2.309999942779541
2021-02-03,2.3499999046325684,2.369999885559082,2.25,2.309999942779541
2021-02-04,2.359999895095825,3.0999999046325684,2.319999933242798,3.0299999713897705
2021-02-05,3.384000062942505,3.4600000381469727,2.75,2.9200000762939453
2021-02-08,2.9200000762939453,3.069999933242798,2.75,3.0
2021-02-09,3.009999990463257,3.11899995803833,2.880000114440918,3.109999895095825
2021-02-10,3.1500000953674316,3.309999942779541,2.9700000286102295,3.0199999809265137
2021-02-11,3.0799999237060547,4.449999809265137,3.009999990463257,3.799999952316284
2021-02-12,3.4800000190734863,3.630000114440918,3.25,3.3399999141693115
2021-02-16,3.3299999237060547,3.4600000381469727,3.190000057220459,3.380000114440918
2021-02-17,3.4110000133514404,3.4110000133514404,3.0850000381469727,3.109999895095825
2021-02-18,3.049999952316284,3.1710000038146973,2.9200000762939453,3.130000114440918
2021-02-19,3.0999999046325684,3.190000057220459,3.059999942779541,3.109999895095825
2021-02-22,3.0299999713897705,3.0799999237060547,2.7799999713897705,2.9600000381469727
2021-02-23,2.687000036239624,2.7300000190734863,2.380000114440918,2.619999885559082
2021-02-24,2.75,3.0,2.690000057220459,2.890000104904175
2021-02-25,2.859999895095825,3.0,2.559999942779541,2.5799999237060547
2021-02-26,2.6500000953674316,2.680999994277954,2.5,2.5
2021-03-01,2.5999999046325684,2.7100000381469727,2.5299999713897705,2.609999895095825
2021-03-02,2.609999895095825,2.6500000953674316,2.4700000286102295,2.509999990463257
2021-03-03,2.549999952316284,2.5899999141693115,2.319999933242798,2.3399999141693115
2021-03-04,2.311000108718872,2.319999933242798,2.119999885559082,2.2300000190734863
2021-03-05,2.1600000858306885,2.424999952316284,2.0,2.390000104904175
2021-03-08,2.380000114440918,2.380000114440918,2.1500000953674316,2.1600000858306885
2021-03-09,2.309999942779541,2.4200000762939453,2.2300000190734863,2.380000114440918
2021-03-10,2.430000066757202,2.430000066757202,2.2339999675750732,2.380000114440918
2021-03-11,2.390000104904175,2.5399999618530273,2.3450000286102295,2.5299999713897705
2021-03-12,2.450000047683716,2.5899999141693115,2.369999885559082,2.5199999809265137
2021-03-15,2.549999952316284,2.680000066757202,2.5,2.640000104904175
2021-03-16,2.640000104904175,2.7100000381469727,2.549999952316284,2.5899999141693115
2021-03-17,2.5199999809265137,3.1500000953674316,2.450000047683716,2.815000057220459
2021-03-18,2.8299999237060547,2.9000000953674316,2.6600000858306885,2.7200000286102295
2021-03-19,2.690000057220459,2.759999990463257,2.609999895095825,2.630000114440918
2021-03-22,2.3299999237060547,2.490000009536743,2.299999952316284,2.309999942779541
2021-03-23,2.259999990463257,2.390000104904175,2.2100000381469727,2.2300000190734863
2021-03-24,2.2300000190734863,2.299999952316284,2.130000114440918,2.1600000858306885
2021-03-25,2.0899999141693115,2.180000066757202,2.0299999713897705,2.1500000953674316
2021-03-26,2.1500000953674316,2.190000057220459,2.049999952316284,2.109999895095825
2021-03-29,2.119999885559082,2.119999885559082,1.9600000381469727,2.009999990463257
2021-03-30,2.0,2.0799999237060547,1.940000057220459,2.0399999618530273
2021-03-31,2.069999933242798,2.1700000762939453,2.049999952316284,2.1500000953674316
2021-04-01,2.2200000286102295,2.299999952316284,2.1600000858306885,2.2090001106262207
2021-04-05,2.2200000286102295,2.2300000190734863,2.009999990463257,2.059999942779541
2021-04-06,2.0999999046325684,2.2239999771118164,2.059999942779541,2.2100000381469727
2021-04-07,2.180000066757202,2.180000066757202,2.071000099182129,2.1600000858306885
2021-04-08,2.1600000858306885,2.190000057220459,2.0799999237060547,2.1500000953674316
2021-04-09,2.1600000858306885,2.25,2.109999895095825,2.140000104904175
2021-04-12,2.1500000953674316,2.188999891281128,2.0299999713897705,2.049999952316284
2021-04-13,2.049999952316284,2.119999885559082,2.0199999809265137,2.0899999141693115
2021-04-14,2.069999933242798,2.1600000858306885,2.0299999713897705,2.049999952316284
2021-04-15,2.059999942779541,2.0899999141693115,1.899999976158142,1.9800000190734863
2021-04-16,1.9600000381469727,2.009999990463257,1.9199999570846558,1.9900000095367432
2021-04-19,1.9500000476837158,2.069999933242798,1.9199999570846558,2.059999942779541
2021-04-20,2.0299999713897705,2.049999952316284,1.9299999475479126,1.9500000476837158
2021-04-21,1.940000057220459,2.0399999618530273,1.940000057220459,2.009999990463257
2021-04-22,2.0399999618530273,2.134000062942505,1.9700000286102295,2.009999990463257
2021-04-23,1.9900000095367432,2.0799999237060547,1.9600000381469727,2.0299999713897705
2021-04-26,2.0299999713897705,2.0829999446868896,2.0,2.0799999237060547
2021-04-27,2.059999942779541,2.0980000495910645,2.0299999713897705,2.049999952316284
2021-04-28,2.059999942779541,2.119999885559082,2.0299999713897705,2.059999942779541
2021-04-29,2.069999933242798,2.0910000801086426,1.9910000562667847,2.0199999809265137
2021-04-30,2.0,2.140000104904175,1.9600000381469727,2.0299999713897705
2021-05-03,2.049999952316284,2.0999999046325684,2.0,2.0399999618530273
2021-05-04,2.0,2.069999933242798,1.9800000190734863,2.0299999713897705
2021-05-05,2.0299999713897705,2.059999942779541,1.9600000381469727,1.9600000381469727
2021-05-06,1.9600000381469727,2.0799999237060547,1.940000057220459,1.9900000095367432
2021-05-07,2.0,2.0799999237060547,1.9800000190734863,1.9900000095367432
2021-05-10,2.0,2.0,1.9199999570846558,1.9299999475479126
2021-05-11,1.8799999952316284,1.899999976158142,1.809999942779541,1.8600000143051147
2021-05-12,1.8300000429153442,1.8799999952316284,1.8300000429153442,1.850000023841858
2021-05-13,1.8600000143051147,1.899999976158142,1.840000033378601,1.8600000143051147
2021-05-14,1.8600000143051147,1.9500000476837158,1.850000023841858,1.899999976158142
2021-05-17,1.8799999952316284,1.9199999570846558,1.850000023841858,1.899999976158142
2021-05-18,1.899999976158142,1.9299999475479126,1.8799999952316284,1.899999976158142
2021-05-19,1.8799999952316284,1.899999976158142,1.8600000143051147,1.899999976158142
2021-05-20,1.899999976158142,1.9199999570846558,1.8600000143051147,1.8799999952316284
2021-05-21,1.8799999952316284,1.9049999713897705,1.8600000143051147,1.8799999952316284
2021-05-24,1.9800000190734863,1.9800000190734863,1.850000023841858,1.8700000047683716
2021-05-25,1.8899999856948853,1.9299999475479126,1.8700000047683716,1.8799999952316284
2021-05-26,1.899999976158142,1.9600000381469727,1.8899999856948853,1.9299999475479126
2021-05-27,1.9299999475479126,1.930999994277954,1.7200000286102295,1.7999999523162842
2021-05-28,1.812000036239624,1.8300000429153442,1.7300000190734863,1.7999999523162842
2021-06-01,1.809999942779541,1.840000033378601,1.75,1.8200000524520874
2021-06-02,1.8200000524520874,1.8200000524520874,1.75,1.8200000524520874
2021-06-03,1.8200000524520874,1.8200000524520874,1.7699999809265137,1.8200000524520874
2021-06-04,1.8200000524520874,1.8300000429153442,1.7699999809265137,1.8200000524520874
2021-06-07,1.7990000247955322,1.8200000524520874,1.7599999904632568,1.7699999809265137
2021-06-08,1.7899999618530273,1.7999999523162842,1.75,1.7799999713897705
2021-06-09,1.7999999523162842,2.0999999046325684,1.7599999904632568,1.899999976158142
2021-06-10,1.8799999952316284,1.9299999475479126,1.8300000429153442,1.850000023841858
2021-06-11,1.850000023841858,1.8990000486373901,1.7999999523162842,1.8200000524520874
2021-06-14,1.850000023841858,1.8700000047683716,1.809999942779541,1.850000023841858
2021-06-15,1.8200000524520874,1.8700000047683716,1.7699999809265137,1.7799999713897705
2021-06-16,1.7999999523162842,1.7999999523162842,1.75,1.7899999618530273
2021-06-17,1.7899999618530273,1.7999999523162842,1.7599999904632568,1.7599999904632568
2021-06-18,1.7710000276565552,1.7710000276565552,1.6799999475479126,1.7100000381469727
2021-06-21,1.690000057220459,1.7100000381469727,1.659999966621399,1.690000057220459
2021-06-22,1.6799999475479126,1.7000000476837158,1.6299999952316284,1.6699999570846558
2021-06-23,1.649999976158142,1.75,1.649999976158142,1.7400000095367432
2021-06-24,1.7300000190734863,1.7999999523162842,1.7300000190734863,1.7899999618530273
2021-06-25,1.7699999809265137,1.7899999618530273,1.7599999904632568,1.7799999713897705
2021-06-28,1.7999999523162842,1.7999999523162842,1.7599999904632568,1.774999976158142
2021-06-29,1.75,1.7799999713897705,1.7200000286102295,1.7400000095367432
2021-06-30,1.7599999904632568,1.7999999523162842,1.7100000381469727,1.7300000190734863
2021-07-01,1.7200000286102295,1.75,1.690000057220459,1.690000057220459
2021-07-02,1.690000057220459,1.7000000476837158,1.600000023841858,1.6200000047683716
2021-07-06,1.600000023841858,1.7699999809265137,1.559999942779541,1.7200000286102295
2021-07-07,1.7000000476837158,1.7200000286102295,1.600000023841858,1.6100000143051147
2021-07-08,1.5800000429153442,1.690000057220459,1.5099999904632568,1.690000057220459
2021-07-09,1.6699999570846558,1.6950000524520874,1.5779999494552612,1.690000057220459
2021-07-12,1.690000057220459,1.7000000476837158,1.6399999856948853,1.6699999570846558
2021-07-13,1.659999966621399,1.690000057220459,1.5800000429153442,1.6100000143051147
2021-07-14,1.6100000143051147,1.6200000047683716,1.5099999904632568,1.5099999904632568
2021-07-15,1.5,1.5520000457763672,1.4800000190734863,1.5
2021-07-16,1.5,1.5440000295639038,1.4500000476837158,1.4500000476837158
2021-07-19,1.440000057220459,1.4500000476837158,1.3600000143051147,1.3899999856948853
2021-07-20,1.4199999570846558,1.4429999589920044,1.3700000047683716,1.3899999856948853
2021-07-21,1.3799999952316284,1.5,1.3799999952316284,1.4500000476837158
2021-07-22,1.4500000476837158,1.4900000095367432,1.3600000143051147,1.3700000047683716
2021-07-23,1.3600000143051147,1.3600000143051147,1.1799999475479126,1.2100000381469727
2021-07-26,1.159999966621399,1.2100000381469727,1.1100000143051147,1.159999966621399
2021-07-27,1.149999976158142,1.1679999828338623,1.0399999618530273,1.0399999618530273
2021-07-28,1.059999942779541,1.2999999523162842,1.059999942779541,1.2599999904632568
2021-07-29,1.25,1.25,1.090000033378601,1.090000033378601
2021-07-30,1.1200000047683716,1.159999966621399,1.0700000524520874,1.149999976158142
2021-08-02,1.1799999475479126,1.1799999475479126,1.1100000143051147,1.1399999856948853
2021-08-03,1.1699999570846558,1.1699999570846558,1.0800000429153442,1.1100000143051147
2021-08-04,1.090000033378601,1.1549999713897705,1.0499999523162842,1.0700000524520874
2021-08-05,1.0499999523162842,1.059999942779541,1.0099999904632568,1.0299999713897705
2021-08-06,1.0299999713897705,1.065000057220459,1.0299999713897705,1.0499999523162842
2021-08-09,1.0800000429153442,1.1399999856948853,1.0499999523162842,1.090000033378601
2021-08-10,1.1299999952316284,1.1299999952316284,1.0499999523162842,1.059999942779541
2021-08-11,1.059999942779541,1.0700000524520874,1.0199999809265137,1.0499999523162842
2021-08-12,1.0399999618530273,1.0499999523162842,1.0199999809265137,1.0299999713897705
2021-08-13,1.0,1.0429999828338623,0.9200000166893005,0.9300000071525574
2021-08-16,0.9449999928474426,0.9449999928474426,0.699999988079071,0.75
2021-08-17,0.7300000190734863,0.7699999809265137,0.7099999785423279,0.7459999918937683
2021-08-18,0.7459999918937683,0.7699999809265137,0.675000011920929,0.746999979019165
2021-08-19,0.7400000095367432,0.7630000114440918,0.7099999785423279,0.7300000190734863
2021-08-20,0.7400000095367432,0.7699999809265137,0.7120000123977661,0.7599999904632568
2021-08-23,0.7609999775886536,0.7799999713897705,0.7200000286102295,0.7549999952316284
2021-08-24,0.7799999713897705,0.8500000238418579,0.7730000019073486,0.8500000238418579
2021-08-25,0.8999999761581421,0.9070000052452087,0.8109999895095825,0.8500000238418579
2021-08-26,0.8600000143051147,0.8679999709129333,0.7559999823570251,0.7799999713897705
2021-08-27,0.7900000214576721,0.8199999928474426,0.7630000114440918,0.7910000085830688
2021-08-30,0.800000011920929,0.800000011920929,0.7300000190734863,0.7799999713897705
2021-08-31,0.7879999876022339,0.8199999928474426,0.7599999904632568,0.7900000214576721
2021-09-01,0.800000011920929,0.8569999933242798,0.7940000295639038,0.8389999866485596
2021-09-02,0.8299999833106995,0.8500000238418579,0.8100000023841858,0.8240000009536743
2021-09-03,0.8199999928474426,0.8320000171661377,0.8029999732971191,0.8149999976158142
2021-09-07,0.8100000023841858,0.8299999833106995,0.800000011920929,0.8180000185966492
2021-09-08,0.8199999928474426,0.8199999928474426,0.7609999775886536,0.800000011920929
2021-09-09,0.7739999890327454,0.7900000214576721,0.7609999775886536,0.7900000214576721
2021-09-10,0.7900000214576721,0.8169999718666077,0.7639999985694885,0.8169999718666077
2021-09-13,0.7799999713897705,0.8059999942779541,0.7580000162124634,0.7799999713897705
2021-09-14,0.7429999709129333,0.7799999713897705,0.699999988079071,0.7099999785423279
2021-09-15,0.699999988079071,0.7200000286102295,0.699999988079071,0.7089999914169312
2021-09-16,0.7099999785423279,0.7200000286102295,0.6819999814033508,0.699999988079071
2021-09-17,0.6830000281333923,0.7200000286102295,0.6700000166893005,0.6700000166893005
2021-09-20,0.6899999976158142,0.7269999980926514,0.6600000262260437,0.7039999961853027
2021-09-21,0.7200000286102295,0.75,0.6819999814033508,0.7350000143051147
2021-09-22,0.7250000238418579,0.7599999904632568,0.6899999976158142,0.7429999709129333
2021-09-23,0.75,0.7620000243186951,0.7099999785423279,0.7120000123977661
2021-09-24,0.7099999785423279,0.75,0.6919999718666077,0.6919999718666077
2021-09-27,0.7200000286102295,0.7490000128746033,0.7049999833106995,0.7200000286102295
2021-09-28,0.7210000157356262,0.75,0.7099999785423279,0.7200000286102295
2021-09-29,0.7139999866485596,0.7450000047683716,0.6899999976158142,0.6970000267028809
2021-09-30,0.7070000171661377,0.7300000190734863,0.6800000071525574,0.7149999737739563
2021-10-01,0.7149999737739563,0.7300000190734863,0.703000009059906,0.7139999866485596
2021-10-04,0.699999988079071,0.7379999756813049,0.6600000262260437,0.699999988079071
2021-10-05,0.699999988079071,0.7300000190734863,0.6600000262260437,0.675000011920929
2021-10-06,0.6800000071525574,0.6899999976158142,0.6700000166893005,0.675000011920929
2021-10-07,0.6899999976158142,0.699999988079071,0.675000011920929,0.6800000071525574
2021-10-08,0.6899999976158142,0.7200000286102295,0.6809999942779541,0.699999988079071
2021-10-11,0.699999988079071,0.7200000286102295,0.699999988079071,0.7089999914169312
2021-10-12,0.7200000286102295,0.7279999852180481,0.699999988079071,0.7129999995231628
2021-10-13,0.7250000238418579,0.7400000095367432,0.699999988079071,0.699999988079071
2021-10-14,0.699999988079071,0.75,0.6809999942779541,0.7089999914169312
2021-10-15,0.7009999752044678,0.7699999809265137,0.6899999976158142,0.7300000190734863
2021-10-18,0.8100000023841858,0.8100000023841858,0.7200000286102295,0.8069999814033508
2021-10-19,0.890999972820282,0.9599999785423279,0.8299999833106995,0.9350000023841858
2021-10-20,1.0,1.100000023841858,0.953000009059906,1.0800000429153442
2021-10-21,1.1299999952316284,1.149999976158142,0.9599999785423279,0.9800000190734863
2021-10-22,0.9700000286102295,0.9700000286102295,0.8730000257492065,0.9359999895095825
2021-10-25,0.9300000071525574,0.9700000286102295,0.8790000081062317,0.9589999914169312
2021-10-26,0.9509999752044678,0.9509999752044678,0.8799999952316284,0.9200000166893005
2021-10-27,0.8999999761581421,0.9829999804496765,0.8899999856948853,0.9599999785423279
2021-10-28,0.9340000152587891,0.9599999785423279,0.8899999856948853,0.9100000262260437
2021-10-29,0.8970000147819519,0.9089999794960022,0.8799999952316284,0.8999999761581421
2021-11-01,0.8999999761581421,0.8999999761581421,0.8199999928474426,0.8799999952316284
2021-11-02,0.8500000238418579,0.8799999952316284,0.7210000157356262,0.7720000147819519
2021-11-03,0.7950000166893005,0.8360000252723694,0.7900000214576721,0.8220000267028809
2021-11-04,0.8299999833106995,0.8500000238418579,0.800000011920929,0.8199999928474426
2021-11-05,0.800000011920929,0.8799999952316284,0.7509999871253967,0.8650000095367432
2021-11-08,0.824999988079071,0.8700000047683716,0.8080000281333923,0.8450000286102295
2021-11-09,0.8999999761581421,0.8999999761581421,0.8600000143051147,0.8650000095367432
2021-11-10,0.8510000109672546,0.8510000109672546,0.8059999942779541,0.8360000252723694
2021-11-11,0.8149999976158142,0.8360000252723694,0.8100000023841858,0.8349999785423279
2021-11-12,0.8199999928474426,0.8759999871253967,0.8100000023841858,0.8759999871253967
2021-11-15,0.8799999952316284,0.8799999952316284,0.8309999704360962,0.8799999952316284
2021-11-16,0.8799999952316284,0.8899999856948853,0.8500000238418579,0.8889999985694885
2021-11-17,0.8999999761581421,0.8999999761581421,0.8130000233650208,0.8330000042915344
2021-11-18,0.8149999976158142,0.8489999771118164,0.7799999713897705,0.7900000214576721
2021-11-19,0.7900000214576721,0.800000011920929,0.7730000019073486,0.800000011920929
2021-11-22,0.7799999713897705,0.8980000019073486,0.7720000147819519,0.8500000238418579
2021-11-23,0.796999990940094,0.8500000238418579,0.7799999713897705,0.8299999833106995
2021-11-24,0.8199999928474426,0.8199999928474426,0.7699999809265137,0.7799999713897705
2021-11-26,0.7680000066757202,0.8450000286102295,0.7620000243186951,0.8330000042915344
2021-11-29,0.847000002861023,0.8939999938011169,0.800000011920929,0.8199999928474426
2021-11-30,0.7900000214576721,0.8849999904632568,0.7129999995231628,0.8100000023841858
2021-12-01,0.8199999928474426,0.8339999914169312,0.7599999904632568,0.7699999809265137
2021-12-02,0.7599999904632568,0.875,0.7599999904632568,0.8610000014305115
2021-12-03,0.8199999928474426,0.8389999866485596,0.7049999833106995,0.7099999785423279
2021-12-06,0.7020000219345093,0.7049999833106995,0.5899999737739563,0.6100000143051147
2021-12-07,0.6499999761581421,0.6499999761581421,0.6299999952316284,0.6499999761581421
2021-12-08,0.6600000262260437,0.6970000267028809,0.6600000262260437,0.6800000071525574
2021-12-09,0.6790000200271606,0.6800000071525574,0.6499999761581421,0.6570000052452087
2021-12-10,0.6700000166893005,0.6729999780654907,0.6200000047683716,0.6499999761581421
2021-12-13,0.6399999856948853,0.6399999856948853,0.6100000143051147,0.6190000176429749
2021-12-14,0.6660000085830688,0.6660000085830688,0.6100000143051147,0.6499999761581421
2021-12-15,0.6359999775886536,0.6480000019073486,0.6000000238418579,0.628000020980835
2021-12-16,0.6449999809265137,0.6449999809265137,0.5809999704360962,0.5809999704360962
2021-12-17,0.6100000143051147,0.6200000047683716,0.5799999833106995,0.6000000238418579
2021-12-20,0.5799999833106995,0.5799999833106995,0.5509999990463257,0.5720000267028809
2021-12-21,0.5899999737739563,0.5989999771118164,0.550000011920929,0.5799999833106995
2021-12-22,0.5630000233650208,0.5709999799728394,0.5519999861717224,0.5600000023841858
2021-12-23,0.5519999861717224,0.5590000152587891,0.5199999809265137,0.531000018119812
2021-12-27,0.5099999904632568,0.5289999842643738,0.503000020980835,0.527999997138977
2021-12-28,0.5120000243186951,0.5299999713897705,0.5,0.5139999985694885
2021-12-29,0.5009999871253967,0.6800000071525574,0.5009999871253967,0.6520000100135803
2021-12-30,0.6620000004768372,0.699999988079071,0.6200000047683716,0.6800000071525574
2021-12-31,0.6790000200271606,0.6850000023841858,0.6000000238418579,0.625
2022-01-03,0.5899999737739563,0.6700000166893005,0.5899999737739563,0.6460000276565552
2022-01-04,0.6499999761581421,0.6499999761581421,0.621999979019165,0.6399999856948853
2022-01-05,0.6019999980926514,0.6299999952316284,0.6019999980926514,0.6140000224113464
2022-01-06,0.6050000190734863,0.6100000143051147,0.5350000262260437,0.5630000233650208
2022-01-07,0.5600000023841858,0.6200000047683716,0.5600000023841858,0.5899999737739563
2022-01-10,0.5879999995231628,0.5879999995231628,0.5600000023841858,0.5659999847412109
2022-01-11,0.6200000047683716,0.6200000047683716,0.5680000185966492,0.593999981880188
2022-01-12,0.593999981880188,0.6700000166893005,0.5799999833106995,0.6399999856948853
2022-01-13,0.6100000143051147,0.6800000071525574,0.6010000109672546,0.6200000047683716
2022-01-14,0.6499999761581421,0.6499999761581421,0.5799999833106995,0.5920000076293945
2022-01-18,0.5920000076293945,0.6119999885559082,0.5509999990463257,0.578000009059906
2022-01-19,0.5550000071525574,0.6399999856948853,0.550000011920929,0.578000009059906
2022-01-20,0.5559999942779541,0.625,0.5559999942779541,0.5799999833106995
2022-01-21,0.6019999980926514,0.6159999966621399,0.5699999928474426,0.6050000190734863
2022-01-24,0.5799999833106995,0.609000027179718,0.5519999861717224,0.6010000109672546
2022-01-25,0.5600000023841858,0.6700000166893005,0.5600000023841858,0.6240000128746033
2022-01-26,0.6230000257492065,0.6800000071525574,0.5820000171661377,0.6309999823570251
2022-01-27,0.6320000290870667,0.6930000185966492,0.6100000143051147,0.6800000071525574
2022-01-28,0.6499999761581421,0.6600000262260437,0.6299999952316284,0.6399999856948853
2022-01-31,0.6000000238418579,0.6800000071525574,0.6000000238418579,0.6610000133514404
2022-02-01,0.640999972820282,0.6669999957084656,0.6299999952316284,0.6439999938011169
2022-02-02,0.6600000262260437,0.6600000262260437,0.6200000047683716,0.6399999856948853
2022-02-03,0.6000000238418579,0.6600000262260437,0.6000000238418579,0.6299999952316284
2022-02-04,0.6200000047683716,0.6399999856948853,0.6200000047683716,0.6299999952316284
2022-02-07,0.6290000081062317,0.6899999976158142,0.6290000081062317,0.6899999976158142
2022-02-08,0.6890000104904175,0.7350000143051147,0.6840000152587891,0.7269999980926514
2022-02-09,0.7300000190734863,0.7799999713897705,0.7120000123977661,0.7360000014305115
2022-02-10,0.7300000190734863,0.7739999890327454,0.7179999947547913,0.7649999856948853
2022-02-11,0.75,0.7799999713897705,0.7400000095367432,0.7519999742507935
2022-02-14,0.6819999814033508,0.7559999823570251,0.6520000100135803,0.7519999742507935
2022-02-15,0.7519999742507935,0.890999972820282,0.7300000190734863,0.8429999947547913
2022-02-16,0.8399999737739563,0.8999999761581421,0.8220000267028809,0.8799999952316284
2022-02-17,0.8799999952316284,0.972000002861023,0.859000027179718,0.9430000185966492
2022-02-18,0.9240000247955322,1.0499999523162842,0.9240000247955322,0.9900000095367432
2022-02-22,0.9599999785423279,1.0,0.9470000267028809,0.9639999866485596
2022-02-23,0.9599999785423279,1.059999942779541,0.9490000009536743,1.0199999809265137
2022-02-24,0.9279999732971191,1.0099999904632568,0.8999999761581421,1.0
2022-02-25,0.9800000190734863,1.0299999713897705,0.9599999785423279,1.0199999809265137
2022-02-28,0.9919999837875366,1.0299999713897705,0.9620000123977661,0.9879999756813049
2022-03-01,0.9549999833106995,0.9900000095367432,0.871999979019165,0.9800000190734863
2022-03-02,0.9549999833106995,1.0,0.9100000262260437,0.9879999756813049
2022-03-03,0.9900000095367432,0.9900000095367432,0.8899999856948853,0.9449999928474426
2022-03-04,0.9269999861717224,0.9449999928474426,0.8500000238418579,0.8659999966621399
2022-03-07,0.8479999899864197,0.9200000166893005,0.800000011920929,0.8700000047683716
2022-03-08,0.8539999723434448,0.9200000166893005,0.8199999928474426,0.9200000166893005
2022-03-09,0.9100000262260437,1.0499999523162842,0.9100000262260437,1.0199999809265137
2022-03-10,1.0099999904632568,1.0399999618530273,0.9800000190734863,1.0299999713897705
2022-03-11,1.0099999904632568,1.0299999713897705,1.0,1.0099999904632568
2022-03-14,1.0099999904632568,1.0499999523162842,0.9900000095367432,1.0499999523162842
2022-03-15,1.0099999904632568,1.0499999523162842,1.0,1.0299999713897705
2022-03-16,1.0700000524520874,1.100000023841858,1.0399999618530273,1.0499999523162842
2022-03-17,1.0800000429153442,1.2000000476837158,1.0800000429153442,1.1699999570846558
2022-03-18,1.2000000476837158,1.2999999523162842,1.159999966621399,1.2999999523162842
2022-03-21,1.2999999523162842,1.2999999523162842,1.25,1.2699999809265137
2022-03-22,1.2799999713897705,1.4199999570846558,1.2799999713897705,1.409999966621399
2022-03-23,1.4199999570846558,1.4199999570846558,1.2799999713897705,1.3200000524520874
2022-03-24,1.2999999523162842,1.2999999523162842,1.2200000286102295,1.2200000286102295
2022-03-25,1.2200000286102295,1.2200000286102295,1.100000023841858,1.1200000047683716
2022-03-28,1.1200000047683716,1.121000051498413,1.059999942779541,1.100000023841858
2022-03-29,1.100000023841858,1.1399999856948853,1.090000033378601,1.1200000047683716
2022-03-30,1.1200000047683716,1.1200000047683716,1.0399999618530273,1.0800000429153442
2022-03-31,1.0499999523162842,1.059999942779541,1.0199999809265137,1.0199999809265137
2022-04-01,1.0199999809265137,1.059999942779541,1.0199999809265137,1.0499999523162842
2022-04-04,1.0499999523162842,1.1100000143051147,1.0499999523162842,1.0800000429153442
2022-04-05,1.0800000429153442,1.100000023841858,1.0700000524520874,1.090000033378601
2022-04-06,1.0800000429153442,1.0800000429153442,1.0299999713897705,1.0299999713897705
2022-04-07,1.0299999713897705,1.0499999523162842,1.0099999904632568,1.0399999618530273
2022-04-08,1.0299999713897705,1.0499999523162842,1.0199999809265137,1.0399999618530273
2022-04-11,1.0199999809265137,1.0499999523162842,1.0199999809265137,1.0399999618530273
2022-04-12,1.0399999618530273,1.059999942779541,1.0299999713897705,1.0299999713897705
2022-04-13,1.0199999809265137,1.090000033378601,1.0199999809265137,1.059999942779541
2022-04-14,1.0399999618530273,1.1399999856948853,1.0399999618530273,1.1299999952316284
2022-04-18,1.090000033378601,1.1200000047683716,1.0399999618530273,1.0499999523162842
2022-04-19,1.0499999523162842,1.059999942779541,1.0099999904632568,1.0299999713897705
2022-04-20,1.0199999809265137,1.0499999523162842,1.0199999809265137,1.0299999713897705
2022-04-21,1.0299999713897705,1.0499999523162842,1.0299999713897705,1.0399999618530273
2022-04-22,1.0299999713897705,1.1299999952316284,1.0199999809265137,1.059999942779541
2022-04-25,1.0399999618530273,1.0850000381469727,1.0049999952316284,1.0299999713897705
2022-04-26,1.0199999809265137,1.0499999523162842,1.0,1.0
2022-04-27,1.0099999904632568,1.0399999618530273,1.0099999904632568,1.0299999713897705
2022-04-28,1.0399999618530273,1.059999942779541,1.0299999713897705,1.0299999713897705
2022-04-29,1.0399999618530273,1.090000033378601,1.0399999618530273,1.0700000524520874
2022-05-02,1.059999942779541,1.100000023841858,1.059999942779541,1.090000033378601
2022-05-03,1.0800000429153442,1.100000023841858,1.059999942779541,1.0800000429153442
2022-05-04,1.0700000524520874,1.090000033378601,1.0700000524520874,1.0800000429153442
2022-05-05,1.059999942779541,1.090000033378601,1.0499999523162842,1.059999942779541
2022-05-06,1.0499999523162842,1.0700000524520874,1.0299999713897705,1.059999942779541
2022-05-09,1.0299999713897705,1.0700000524520874,1.0,1.0
2022-05-10,1.0199999809265137,1.0499999523162842,1.0099999904632568,1.0199999809265137
2022-05-11,1.0099999904632568,1.0499999523162842,0.8600000143051147,1.0499999523162842
2022-05-12,1.0399999618530273,1.149999976158142,1.0099999904632568,1.100000023841858
2022-05-13,1.1399999856948853,1.2000000476837158,1.059999942779541,1.059999942779541
2022-05-16,1.059999942779541,1.0700000524520874,1.0199999809265137,1.0199999809265137
2022-05-17,1.0399999618530273,1.0499999523162842,1.0099999904632568,1.0199999809265137
2022-05-18,1.0199999809265137,1.0299999713897705,1.0199999809265137,1.0199999809265137
2022-05-19,1.0199999809265137,1.059999942779541,1.0199999809265137,1.059999942779541
2022-05-20,1.0700000524520874,1.0950000286102295,1.0399999618530273,1.0399999618530273
2022-05-23,1.0299999713897705,1.0399999618530273,1.0099999904632568,1.0199999809265137
2022-05-24,1.0199999809265137,1.0449999570846558,1.0199999809265137,1.0299999713897705
2022-05-25,1.0299999713897705,1.0299999713897705,1.0199999809265137,1.0199999809265137
2022-05-26,1.0199999809265137,1.0399999618530273,1.0199999809265137,1.0299999713897705
2022-05-27,1.0299999713897705,1.190000057220459,1.0299999713897705,1.159999966621399
2022-05-31,1.1100000143051147,1.1319999694824219,1.0700000524520874,1.090000033378601
2022-06-01,1.0700000524520874,1.100000023841858,1.0399999618530273,1.059999942779541
2022-06-02,1.059999942779541,1.100000023841858,1.0499999523162842,1.0750000476837158
2022-06-03,1.0700000524520874,1.0800000429153442,1.0399999618530273,1.0609999895095825
2022-06-06,1.059999942779541,1.1200000047683716,1.0499999523162842,1.0700000524520874
2022-06-07,1.059999942779541,1.100000023841858,1.0199999809265137,1.059999942779541
2022-06-08,1.059999942779541,1.100000023841858,1.0099999904632568,1.0800000429153442
2022-06-09,1.059999942779541,1.090000033378601,1.0299999713897705,1.0299999713897705
2022-06-10,1.0299999713897705,1.090000033378601,1.0199999809265137,1.0800000429153442
2022-06-13,1.0700000524520874,1.0700000524520874,1.0299999713897705,1.0299999713897705
2022-06-14,1.0299999713897705,1.0499999523162842,1.0299999713897705,1.0399999618530273
2022-06-15,1.0299999713897705,1.0800000429153442,1.0099999904632568,1.0299999713897705
2022-06-16,1.0199999809265137,1.0299999713897705,1.0,1.0099999904632568
2022-06-17,1.0199999809265137,1.0700000524520874,1.0099999904632568,1.0099999904632568
2022-06-21,1.0199999809265137,1.0499999523162842,1.0,1.0399999618530273
2022-06-22,1.0199999809265137,1.0700000524520874,1.0199999809265137,1.0299999713897705
2022-06-23,1.0199999809265137,1.059999942779541,1.0199999809265137,1.0299999713897705
2022-06-24,1.0299999713897705,1.190000057220459,1.0299999713897705,1.1399999856948853
2022-06-27,1.1299999952316284,1.1360000371932983,1.0700000524520874,1.0800000429153442
2022-06-28,1.0700000524520874,1.100000023841858,1.0299999713897705,1.0299999713897705
2022-06-29,1.0399999618530273,1.059999942779541,1.0299999713897705,1.0499999523162842
2022-06-30,1.0299999713897705,1.0700000524520874,1.0299999713897705,1.0399999618530273
2022-07-01,1.0299999713897705,1.0850000381469727,1.0199999809265137,1.0499999523162842
2022-07-05,1.0499999523162842,1.0950000286102295,1.0099999904632568,1.059999942779541
2022-07-06,1.0399999618530273,1.093000054359436,1.0199999809265137,1.0199999809265137
2022-07-07,1.0199999809265137,1.0499999523162842,1.0099999904632568,1.0399999618530273
2022-07-08,1.0199999809265137,1.0700000524520874,1.0199999809265137,1.0499999523162842
2022-07-11,1.0299999713897705,1.059999942779541,1.0199999809265137,1.0199999809265137
2022-07-12,1.0199999809265137,1.0499999523162842,0.949999988079071,1.0199999809265137
2022-07-13,1.0199999809265137,1.0299999713897705,1.0099999904632568,1.0099999904632568
2022-07-14,1.0199999809265137,1.0410000085830688,1.0099999904632568,1.0299999713897705
2022-07-15,1.0199999809265137,1.0399999618530273,0.949999988079071,1.0199999809265137
2022-07-18,1.0099999904632568,1.0499999523162842,1.0,1.0099999904632568
2022-07-19,1.0099999904632568,1.0399999618530273,1.0,1.0199999809265137
2022-07-20,1.0099999904632568,1.0399999618530273,1.0,1.0099999904632568
2022-07-21,1.0099999904632568,1.149999976158142,1.0,1.1100000143051147
2022-07-22,1.090000033378601,1.1299999952316284,1.0700000524520874,1.0800000429153442
2022-07-25,1.0700000524520874,1.0800000429153442,1.0,1.0299999713897705
2022-07-26,1.0399999618530273,1.0399999618530273,1.0,1.0099999904632568
2022-07-27,1.0099999904632568,1.0299999713897705,1.0099999904632568,1.0199999809265137
2022-07-28,1.0099999904632568,1.0299999713897705,0.9900000095367432,1.0199999809265137
2022-07-29,1.0099999904632568,1.0399999618530273,0.9620000123977661,1.0299999713897705
2022-08-01,1.0,1.0399999618530273,0.9800000190734863,1.0299999713897705
2022-08-02,1.0199999809265137,1.0399999618530273,1.0,1.0099999904632568
2022-08-03,1.0,1.0399999618530273,0.9819999933242798,1.0099999904632568
2022-08-04,1.0,1.0399999618530273,0.9900000095367432,1.0099999904632568
2022-08-05,1.0099999904632568,1.0299999713897705,0.9909999966621399,1.0
2022-08-08,1.0,1.0299999713897705,0.9599999785423279,1.0
2022-08-09,0.9850000143051147,1.0199999809265137,0.9800000190734863,1.0
2022-08-10,1.0,1.0190000534057617,0.9900000095367432,1.0
2022-08-11,0.9900000095367432,1.0199999809265137,0.9900000095367432,1.0099999904632568
2022-08-12,1.0,1.0099999904632568,0.9700000286102295,1.0
2022-08-15,0.9900000095367432,1.0099999904632568,0.9779999852180481,1.0
2022-08-16,0.9900000095367432,1.0299999713897705,0.9900000095367432,1.0099999904632568
2022-08-17,1.0099999904632568,1.0199999809265137,0.9710000157356262,1.0
2022-08-18,0.9900000095367432,1.0199999809265137,0.9660000205039978,1.0099999904632568
2022-08-19,0.9909999966621399,1.0199999809265137,0.9800000190734863,1.0
2022-08-22,0.9900000095367432,1.0099999904632568,0.9599999785423279,1.0
2022-08-23,0.9909999966621399,1.0099999904632568,0.9860000014305115,1.0
2022-08-24,0.9909999966621399,1.0099999904632568,0.9900000095367432,1.0
2022-08-25,0.9909999966621399,0.9909999966621399,0.949999988079071,0.9599999785423279
2022-08-26,0.9800000190734863,1.0,0.8100000023841858,0.8339999914169312
2022-08-29,0.8339999914169312,0.8550000190734863,0.8199999928474426,0.8299999833106995
2022-08-30,0.8370000123977661,0.8600000143051147,0.6840000152587891,0.7599999904632568
2022-08-31,0.7699999809265137,0.8299999833106995,0.7639999985694885,0.8199999928474426
2022-09-01,0.800000011920929,0.800000011920929,0.7429999709129333,0.765999972820282
2022-09-02,0.7429999709129333,0.75,0.7099999785423279,0.7419999837875366
2022-09-06,0.7400000095367432,0.75,0.7279999852180481,0.7400000095367432
2022-09-07,0.7099999785423279,0.75,0.7099999785423279,0.7450000047683716
2022-09-08,0.7400000095367432,0.7689999938011169,0.7400000095367432,0.75
2022-09-09,0.7300000190734863,0.8330000042915344,0.7300000190734863,0.800000011920929
2022-09-12,0.7760000228881836,0.8330000042915344,0.7599999904632568,0.7829999923706055
2022-09-13,0.7749999761581421,0.800000011920929,0.7540000081062317,0.7720000147819519
2022-09-14,0.7639999985694885,0.800000011920929,0.7099999785423279,0.7099999785423279
2022-09-15,0.7459999918937683,0.7799999713897705,0.6499999761581421,0.7599999904632568
2022-09-16,0.7310000061988831,0.8700000047683716,0.7260000109672546,0.8500000238418579
2022-09-19,0.8500000238418579,0.8700000047683716,0.8100000023841858,0.8320000171661377
2022-09-20,0.8100000023841858,1.0299999713897705,0.8100000023841858,1.0
2022-09-21,0.949999988079071,1.0199999809265137,0.8999999761581421,1.0099999904632568
2022-09-22,0.9800000190734863,1.0199999809265137,0.9120000004768372,0.9120000004768372
2022-09-23,0.8999999761581421,0.949999988079071,0.7950000166893005,0.843999981880188
2022-09-26,0.8399999737739563,0.906000018119812,0.8100000023841858,0.8550000190734863
2022-09-27,0.8500000238418579,0.9300000071525574,0.8500000238418579,0.8550000190734863
2022-09-28,0.8199999928474426,0.8830000162124634,0.7590000033378601,0.8410000205039978
2022-09-29,0.8109999895095825,0.8659999966621399,0.8109999895095825,0.8270000219345093
2022-09-30,0.8330000042915344,0.8999999761581421,0.8119999766349792,0.8159999847412109
2022-10-03,0.8019999861717224,0.9589999914169312,0.800000011920929,0.8159999847412109
2022-10-04,0.8050000071525574,0.8999999761581421,0.7699999809265137,0.8149999976158142
2022-10-05,0.800000011920929,0.8149999976158142,0.7599999904632568,0.7799999713897705
2022-10-06,0.7799999713897705,0.8600000143051147,0.7699999809265137,0.7860000133514404
2022-10-07,0.7699999809265137,0.8349999785423279,0.734000027179718,0.7459999918937683
2022-10-10,0.7300000190734863,0.7590000033378601,0.6700000166893005,0.7149999737739563
2022-10-11,0.699999988079071,0.7599999904632568,0.6850000023841858,0.7149999737739563
2022-10-12,0.699999988079071,0.8700000047683716,0.699999988079071,0.7210000157356262
2022-10-13,0.7160000205039978,0.8600000143051147,0.6899999976158142,0.7400000095367432
2022-10-14,0.7179999947547913,0.7699999809265137,0.6899999976158142,0.7300000190734863
2022-10-17,0.699999988079071,0.7699999809265137,0.699999988079071,0.75
2022-10-18,0.7540000081062317,0.8399999737739563,0.7540000081062317,0.7630000114440918
2022-10-19,0.7379999756813049,0.8360000252723694,0.7379999756813049,0.8059999942779541
2022-10-20,0.7799999713897705,0.8669999837875366,0.75,0.8600000143051147
2022-10-21,0.8500000238418579,1.0299999713897705,0.8500000238418579,1.0199999809265137
2022-10-24,0.9700000286102295,1.0199999809265137,0.8790000081062317,0.8799999952316284
2022-10-25,0.878000020980835,0.9240000247955322,0.8050000071525574,0.8050000071525574
2022-10-26,0.7919999957084656,0.8009999990463257,0.7009999752044678,0.7300000190734863
2022-10-27,0.722000002861023,0.7749999761581421,0.7080000042915344,0.734000027179718
2022-10-28,0.7160000205039978,0.7400000095367432,0.699999988079071,0.7239999771118164
2022-10-31,0.7200000286102295,0.75,0.7099999785423279,0.7260000109672546
2022-11-01,0.7260000109672546,0.800000011920929,0.699999988079071,0.7200000286102295
2022-11-02,0.7120000123977661,0.7450000047683716,0.699999988079071,0.7059999704360962
2022-11-03,0.7020000219345093,0.7699999809265137,0.6940000057220459,0.7080000042915344
2022-11-04,0.7099999785423279,0.7799999713897705,0.7099999785423279,0.7300000190734863
2022-11-07,0.7200000286102295,0.7670000195503235,0.7160000205039978,0.7260000109672546
2022-11-08,0.7099999785423279,0.75,0.7099999785423279,0.7200000286102295
2022-11-09,0.7099999785423279,0.75,0.7099999785423279,0.7279999852180481
2022-11-10,0.7200000286102295,0.7599999904632568,0.7200000286102295,0.7300000190734863
2022-11-11,0.7300000190734863,0.7699999809265137,0.7300000190734863,0.7649999856948853
2022-11-14,0.75,0.800000011920929,0.75,0.7799999713897705
2022-11-15,0.7900000214576721,0.8299999833106995,0.7900000214576721,0.8130000233650208
2022-11-16,0.7940000295639038,0.8309999704360962,0.7599999904632568,0.7900000214576721
2022-11-17,0.7900000214576721,0.8700000047683716,0.7900000214576721,0.8560000061988831
2022-11-18,0.8500000238418579,0.8899999856948853,0.8500000238418579,0.8560000061988831
2022-11-21,0.8299999833106995,0.8880000114440918,0.8299999833106995,0.8600000143051147
2022-11-22,0.8199999928474426,0.875,0.8199999928474426,0.8730000257492065
2022-11-23,0.8600000143051147,0.9169999957084656,0.8600000143051147,0.9100000262260437
2022-11-25,0.8899999856948853,1.0199999809265137,0.8899999856948853,1.0099999904632568
2022-11-28,1.0,1.0,0.8700000047683716,0.8700000047683716
2022-11-29,0.8600000143051147,0.9110000133514404,0.8600000143051147,0.8600000143051147
2022-11-30,0.8330000042915344,0.8999999761581421,0.8100000023841858,0.8299999833106995
