date,close_value,highest_52_weeks_value,highest_date,lowest_52_weeks_value,lowest_date,is_high52,is_low52,business_days
2021-10-28,10.079999923706055,10.079999923706055,2021-10-28,10.079999923706055,2021-10-28,true,true,0
2021-10-29,9.800000190734863,10.079999923706055,2021-10-28,9.800000190734863,2021-10-29,false,true,1
2021-11-01,9.819999694824219,10.079999923706055,2021-10-28,9.800000190734863,2021-10-29,false,false,2
2021-11-02,9.829999923706055,10.079999923706055,2021-10-28,9.800000190734863,2021-10-29,false,false,3
2021-11-03,9.829999923706055,10.079999923706055,2021-10-28,9.800000190734863,2021-10-29,false,false,4
2021-11-04,9.800000190734863,10.079999923706055,2021-10-28,9.800000190734863,2021-11-04,false,true,5
2021-11-05,9.8100004196167,10.079999923706055,2021-10-28,9.800000190734863,2021-11-04,false,false,6
2021-11-08,9.800000190734863,10.079999923706055,2021-10-28,9.800000190734863,2021-11-08,false,true,7
2021-11-09,9.800000190734863,10.079999923706055,2021-10-28,9.800000190734863,2021-11-09,false,true,8
2021-11-10,9.819999694824219,10.079999923706055,2021-10-28,9.800000190734863,2021-11-09,false,false,9
2021-11-11,9.819999694824219,10.079999923706055,2021-10-28,9.800000190734863,2021-11-09,false,false,10
2021-11-12,9.829999923706055,10.079999923706055,2021-10-28,9.800000190734863,2021-11-09,false,false,11
2021-11-15,9.829999923706055,10.079999923706055,2021-10-28,9.800000190734863,2021-11-09,false,false,12
2021-11-16,9.84000015258789,10.079999923706055,2021-10-28,9.800000190734863,2021-11-09,false,false,13
2021-11-17,9.829999923706055,10.079999923706055,2021-10-28,9.800000190734863,2021-11-09,false,false,14
2021-11-18,9.838000297546387,10.079999923706055,2021-10-28,9.800000190734863,2021-11-09,false,false,15
2021-11-19,9.84000015258789,10.079999923706055,2021-10-28,9.800000190734863,2021-11-09,false,false,16
2021-11-22,9.84000015258789,10.079999923706055,2021-10-28,9.800000190734863,2021-11-09,false,false,17
2021-11-23,9.84000015258789,10.079999923706055,2021-10-28,9.800000190734863,2021-11-09,false,false,18
2021-11-24,9.84000015258789,10.079999923706055,2021-10-28,9.800000190734863,2021-11-09,false,false,19
2021-11-26,9.84000015258789,10.079999923706055,2021-10-28,9.800000190734863,2021-11-09,false,false,20
2021-11-29,9.840999603271484,10.079999923706055,2021-10-28,9.800000190734863,2021-11-09,false,false,21
2021-11-30,9.84000015258789,10.079999923706055,2021-10-28,9.800000190734863,2021-11-09,false,false,22
2021-12-01,9.84000015258789,10.079999923706055,2021-10-28,9.800000190734863,2021-11-09,false,false,23
2021-12-02,9.829999923706055,10.079999923706055,2021-10-28,9.800000190734863,2021-11-09,false,false,24
2021-12-03,9.829999923706055,10.079999923706055,2021-10-28,9.800000190734863,2021-11-09,false,false,25
2021-12-06,9.819999694824219,10.079999923706055,2021-10-28,9.800000190734863,2021-11-09,false,false,26
2021-12-07,9.819999694824219,10.079999923706055,2021-10-28,9.800000190734863,2021-11-09,false,false,27
2021-12-08,9.819999694824219,10.079999923706055,2021-10-28,9.800000190734863,2021-11-09,false,false,28
2021-12-09,9.819999694824219,10.079999923706055,2021-10-28,9.800000190734863,2021-11-09,false,false,29
2021-12-10,9.8100004196167,10.079999923706055,2021-10-28,9.800000190734863,2021-11-09,false,false,30
2021-12-13,9.8100004196167,10.079999923706055,2021-10-28,9.800000190734863,2021-11-09,false,false,31
2021-12-14,9.8100004196167,10.079999923706055,2021-10-28,9.800000190734863,2021-11-09,false,false,32
2021-12-15,9.800000190734863,10.079999923706055,2021-10-28,9.800000190734863,2021-12-15,false,true,33
2021-12-16,9.800000190734863,10.079999923706055,2021-10-28,9.800000190734863,2021-12-16,false,true,34
2021-12-17,9.800000190734863,10.079999923706055,2021-10-28,9.800000190734863,2021-12-17,false,true,35
2021-12-20,9.800000190734863,10.079999923706055,2021-10-28,9.800000190734863,2021-12-20,false,true,36
2021-12-21,9.8100004196167,10.079999923706055,2021-10-28,9.800000190734863,2021-12-20,false,false,37
2021-12-22,9.8100004196167,10.079999923706055,2021-10-28,9.800000190734863,2021-12-20,false,false,38
2021-12-23,9.8100004196167,10.079999923706055,2021-10-28,9.800000190734863,2021-12-20,false,false,39
2021-12-27,9.8100004196167,10.079999923706055,2021-10-28,9.800000190734863,2021-12-20,false,false,40
2021-12-28,9.8100004196167,10.079999923706055,2021-10-28,9.800000190734863,2021-12-20,false,false,41
2021-12-29,9.8100004196167,10.079999923706055,2021-10-28,9.800000190734863,2021-12-20,false,false,42
2021-12-30,9.8100004196167,10.079999923706055,2021-10-28,9.800000190734863,2021-12-20,false,false,43
2021-12-31,9.8100004196167,10.079999923706055,2021-10-28,9.800000190734863,2021-12-20,false,false,44
2022-01-03,9.8100004196167,10.079999923706055,2021-10-28,9.800000190734863,2021-12-20,false,false,45
2022-01-04,9.8100004196167,10.079999923706055,2021-10-28,9.800000190734863,2021-12-20,false,false,46
2022-01-05,9.819999694824219,10.079999923706055,2021-10-28,9.800000190734863,2021-12-20,false,false,47
2022-01-06,9.819999694824219,10.079999923706055,2021-10-28,9.800000190734863,2021-12-20,false,false,48
2022-01-07,9.819999694824219,10.079999923706055,2021-10-28,9.800000190734863,2021-12-20,false,false,49
2022-01-10,9.819999694824219,10.079999923706055,2021-10-28,9.800000190734863,2021-12-20,false,false,50
2022-01-11,9.819999694824219,10.079999923706055,2021-10-28,9.800000190734863,2021-12-20,false,false,51
2022-01-12,9.819999694824219,10.079999923706055,2021-10-28,9.800000190734863,2021-12-20,false,false,52
2022-01-13,9.819999694824219,10.079999923706055,2021-10-28,9.800000190734863,2021-12-20,false,false,53
2022-01-14,9.829999923706055,10.079999923706055,2021-10-28,9.800000190734863,2021-12-20,false,false,54
2022-01-18,9.82800006866455,10.079999923706055,2021-10-28,9.800000190734863,2021-12-20,false,false,55
2022-01-19,9.82800006866455,10.079999923706055,2021-10-28,9.800000190734863,2021-12-20,false,false,56
2022-01-20,9.819999694824219,10.079999923706055,2021-10-28,9.800000190734863,2021-12-20,false,false,57
2022-01-21,9.819999694824219,10.079999923706055,2021-10-28,9.800000190734863,2021-12-20,false,false,58
2022-01-24,9.819999694824219,10.079999923706055,2021-10-28,9.800000190734863,2021-12-20,false,false,59
2022-01-25,9.819999694824219,10.079999923706055,2021-10-28,9.800000190734863,2021-12-20,false,false,60
2022-01-26,9.819999694824219,10.079999923706055,2021-10-28,9.800000190734863,2021-12-20,false,false,61
2022-01-27,9.84000015258789,10.079999923706055,2021-10-28,9.800000190734863,2021-12-20,false,false,62
2022-01-28,9.84000015258789,10.079999923706055,2021-10-28,9.800000190734863,2021-12-20,false,false,63
2022-01-31,9.84000015258789,10.079999923706055,2021-10-28,9.800000190734863,2021-12-20,false,false,64
2022-02-01,9.84000015258789,10.079999923706055,2021-10-28,9.800000190734863,2021-12-20,false,false,65
2022-02-02,9.848999977111816,10.079999923706055,2021-10-28,9.800000190734863,2021-12-20,false,false,66
2022-02-03,9.848999977111816,10.079999923706055,2021-10-28,9.800000190734863,2021-12-20,false,false,67
2022-02-04,9.850000381469727,10.079999923706055,2021-10-28,9.800000190734863,2021-12-20,false,false,68
2022-02-07,9.890000343322754,10.079999923706055,2021-10-28,9.800000190734863,2021-12-20,false,false,69
2022-02-08,9.890000343322754,10.079999923706055,2021-10-28,9.800000190734863,2021-12-20,false,false,70
2022-02-09,9.850000381469727,10.079999923706055,2021-10-28,9.800000190734863,2021-12-20,false,false,71
2022-02-10,9.850000381469727,10.079999923706055,2021-10-28,9.800000190734863,2021-12-20,false,false,72
2022-02-11,9.850000381469727,10.079999923706055,2021-10-28,9.800000190734863,2021-12-20,false,false,73
2022-02-14,9.850000381469727,10.079999923706055,2021-10-28,9.800000190734863,2021-12-20,false,false,74
2022-02-15,9.880000114440918,10.079999923706055,2021-10-28,9.800000190734863,2021-12-20,false,false,75
2022-02-16,9.880000114440918,10.079999923706055,2021-10-28,9.800000190734863,2021-12-20,false,false,76
2022-02-17,9.859999656677246,10.079999923706055,2021-10-28,9.800000190734863,2021-12-20,false,false,77
2022-02-18,9.859999656677246,10.079999923706055,2021-10-28,9.800000190734863,2021-12-20,false,false,78
2022-02-22,9.854999542236328,10.079999923706055,2021-10-28,9.800000190734863,2021-12-20,false,false,79
2022-02-23,9.859999656677246,10.079999923706055,2021-10-28,9.800000190734863,2021-12-20,false,false,80
2022-02-24,9.850000381469727,10.079999923706055,2021-10-28,9.800000190734863,2021-12-20,false,false,81
2022-02-25,9.850000381469727,10.079999923706055,2021-10-28,9.800000190734863,2021-12-20,false,false,82
2022-02-28,9.850000381469727,10.079999923706055,2021-10-28,9.800000190734863,2021-12-20,false,false,83
2022-03-01,9.880000114440918,10.079999923706055,2021-10-28,9.800000190734863,2021-12-20,false,false,84
2022-03-02,9.880000114440918,10.079999923706055,2021-10-28,9.800000190734863,2021-12-20,false,false,85
2022-03-03,9.880000114440918,10.079999923706055,2021-10-28,9.800000190734863,2021-12-20,false,false,86
2022-03-04,9.880000114440918,10.079999923706055,2021-10-28,9.800000190734863,2021-12-20,false,false,87
2022-03-07,9.880000114440918,10.079999923706055,2021-10-28,9.800000190734863,2021-12-20,false,false,88
2022-03-08,9.880000114440918,10.079999923706055,2021-10-28,9.800000190734863,2021-12-20,false,false,89
2022-03-09,9.90999984741211,10.079999923706055,2021-10-28,9.800000190734863,2021-12-20,false,false,90
2022-03-10,9.90999984741211,10.079999923706055,2021-10-28,9.800000190734863,2021-12-20,false,false,91
2022-03-11,9.869999885559082,10.079999923706055,2021-10-28,9.800000190734863,2021-12-20,false,false,92
2022-03-14,9.869999885559082,10.079999923706055,2021-10-28,9.800000190734863,2021-12-20,false,false,93
2022-03-15,9.899999618530273,10.079999923706055,2021-10-28,9.800000190734863,2021-12-20,false,false,94
2022-03-16,9.880000114440918,10.079999923706055,2021-10-28,9.800000190734863,2021-12-20,false,false,95
2022-03-17,9.890000343322754,10.079999923706055,2021-10-28,9.800000190734863,2021-12-20,false,false,96
2022-03-18,9.880000114440918,10.079999923706055,2021-10-28,9.800000190734863,2021-12-20,false,false,97
2022-03-21,9.880000114440918,10.079999923706055,2021-10-28,9.800000190734863,2021-12-20,false,false,98
2022-03-22,9.880000114440918,10.079999923706055,2021-10-28,9.800000190734863,2021-12-20,false,false,99
2022-03-23,9.880000114440918,10.079999923706055,2021-10-28,9.800000190734863,2021-12-20,false,false,100
2022-03-24,9.880000114440918,10.079999923706055,2021-10-28,9.800000190734863,2021-12-20,false,false,101
2022-03-25,9.880000114440918,10.079999923706055,2021-10-28,9.800000190734863,2021-12-20,false,false,102
2022-03-28,9.880000114440918,10.079999923706055,2021-10-28,9.800000190734863,2021-12-20,false,false,103
2022-03-29,9.880000114440918,10.079999923706055,2021-10-28,9.800000190734863,2021-12-20,false,false,104
2022-03-30,9.880000114440918,10.079999923706055,2021-10-28,9.800000190734863,2021-12-20,false,false,105
2022-03-31,9.890000343322754,10.079999923706055,2021-10-28,9.800000190734863,2021-12-20,false,false,106
2022-04-01,9.890000343322754,10.079999923706055,2021-10-28,9.800000190734863,2021-12-20,false,false,107
2022-04-04,9.890000343322754,10.079999923706055,2021-10-28,9.800000190734863,2021-12-20,false,false,108
2022-04-05,9.890000343322754,10.079999923706055,2021-10-28,9.800000190734863,2021-12-20,false,false,109
2022-04-06,9.890000343322754,10.079999923706055,2021-10-28,9.800000190734863,2021-12-20,false,false,110
2022-04-07,9.899999618530273,10.079999923706055,2021-10-28,9.800000190734863,2021-12-20,false,false,111
2022-04-08,9.899999618530273,10.079999923706055,2021-10-28,9.800000190734863,2021-12-20,false,false,112
2022-04-11,9.899999618530273,10.079999923706055,2021-10-28,9.800000190734863,2021-12-20,false,false,113
2022-04-12,9.899999618530273,10.079999923706055,2021-10-28,9.800000190734863,2021-12-20,false,false,114
2022-04-13,9.899999618530273,10.079999923706055,2021-10-28,9.800000190734863,2021-12-20,false,false,115
2022-04-14,9.899999618530273,10.079999923706055,2021-10-28,9.800000190734863,2021-12-20,false,false,116
2022-04-18,9.899999618530273,10.079999923706055,2021-10-28,9.800000190734863,2021-12-20,false,false,117
2022-04-19,9.899999618530273,10.079999923706055,2021-10-28,9.800000190734863,2021-12-20,false,false,118
2022-04-20,9.920000076293945,10.079999923706055,2021-10-28,9.800000190734863,2021-12-20,false,false,119
2022-04-21,9.920000076293945,10.079999923706055,2021-10-28,9.800000190734863,2021-12-20,false,false,120
2022-04-22,9.920000076293945,10.079999923706055,2021-10-28,9.800000190734863,2021-12-20,false,false,121
2022-04-25,9.930000305175781,10.079999923706055,2021-10-28,9.800000190734863,2021-12-20,false,false,122
2022-04-26,9.930000305175781,10.079999923706055,2021-10-28,9.800000190734863,2021-12-20,false,false,123
2022-04-27,9.930000305175781,10.079999923706055,2021-10-28,9.800000190734863,2021-12-20,false,false,124
2022-04-28,9.930000305175781,10.079999923706055,2021-10-28,9.800000190734863,2021-12-20,false,false,125
2022-04-29,9.930000305175781,10.079999923706055,2021-10-28,9.800000190734863,2021-12-20,false,false,126
2022-05-02,9.930000305175781,10.079999923706055,2021-10-28,9.800000190734863,2021-12-20,false,false,127
2022-05-03,9.930000305175781,10.079999923706055,2021-10-28,9.800000190734863,2021-12-20,false,false,128
2022-05-04,9.949999809265137,10.079999923706055,2021-10-28,9.800000190734863,2021-12-20,false,false,129
2022-05-05,9.949999809265137,10.079999923706055,2021-10-28,9.800000190734863,2021-12-20,false,false,130
2022-05-06,9.949999809265137,10.079999923706055,2021-10-28,9.800000190734863,2021-12-20,false,false,131
2022-05-09,9.960000038146973,10.079999923706055,2021-10-28,9.800000190734863,2021-12-20,false,false,132
2022-05-10,9.960000038146973,10.079999923706055,2021-10-28,9.800000190734863,2021-12-20,false,false,133
2022-05-11,9.9350004196167,10.079999923706055,2021-10-28,9.800000190734863,2021-12-20,false,false,134
2022-05-12,9.9350004196167,10.079999923706055,2021-10-28,9.800000190734863,2021-12-20,false,false,135
2022-05-13,9.9350004196167,10.079999923706055,2021-10-28,9.800000190734863,2021-12-20,false,false,136
2022-05-16,9.9399995803833,10.079999923706055,2021-10-28,9.800000190734863,2021-12-20,false,false,137
2022-05-17,9.9399995803833,10.079999923706055,2021-10-28,9.800000190734863,2021-12-20,false,false,138
2022-05-18,9.9399995803833,10.079999923706055,2021-10-28,9.800000190734863,2021-12-20,false,false,139
2022-05-19,9.9399995803833,10.079999923706055,2021-10-28,9.800000190734863,2021-12-20,false,false,140
2022-05-20,9.9399995803833,10.079999923706055,2021-10-28,9.800000190734863,2021-12-20,false,false,141
2022-05-23,9.9399995803833,10.079999923706055,2021-10-28,9.800000190734863,2021-12-20,false,false,142
2022-05-24,9.9399995803833,10.079999923706055,2021-10-28,9.800000190734863,2021-12-20,false,false,143
2022-05-25,9.9399995803833,10.079999923706055,2021-10-28,9.800000190734863,2021-12-20,false,false,144
2022-05-26,9.9399995803833,10.079999923706055,2021-10-28,9.800000190734863,2021-12-20,false,false,145
2022-05-27,9.9399995803833,10.079999923706055,2021-10-28,9.800000190734863,2021-12-20,false,false,146
2022-05-31,9.9399995803833,10.079999923706055,2021-10-28,9.800000190734863,2021-12-20,false,false,147
2022-06-01,9.899999618530273,10.079999923706055,2021-10-28,9.800000190734863,2021-12-20,false,false,148
2022-06-02,9.90999984741211,10.079999923706055,2021-10-28,9.800000190734863,2021-12-20,false,false,149
2022-06-03,9.90999984741211,10.079999923706055,2021-10-28,9.800000190734863,2021-12-20,false,false,150
2022-06-06,9.90999984741211,10.079999923706055,2021-10-28,9.800000190734863,2021-12-20,false,false,151
2022-06-07,9.90999984741211,10.079999923706055,2021-10-28,9.800000190734863,2021-12-20,false,false,152
2022-06-08,9.90999984741211,10.079999923706055,2021-10-28,9.800000190734863,2021-12-20,false,false,153
2022-06-09,9.90999984741211,10.079999923706055,2021-10-28,9.800000190734863,2021-12-20,false,false,154
2022-06-10,9.930000305175781,10.079999923706055,2021-10-28,9.800000190734863,2021-12-20,false,false,155
2022-06-13,9.930000305175781,10.079999923706055,2021-10-28,9.800000190734863,2021-12-20,false,false,156
2022-06-14,9.930000305175781,10.079999923706055,2021-10-28,9.800000190734863,2021-12-20,false,false,157
2022-06-15,9.920000076293945,10.079999923706055,2021-10-28,9.800000190734863,2021-12-20,false,false,158
2022-06-16,9.920000076293945,10.079999923706055,2021-10-28,9.800000190734863,2021-12-20,false,false,159
2022-06-17,9.920000076293945,10.079999923706055,2021-10-28,9.800000190734863,2021-12-20,false,false,160
2022-06-21,9.920000076293945,10.079999923706055,2021-10-28,9.800000190734863,2021-12-20,false,false,161
2022-06-22,9.920000076293945,10.079999923706055,2021-10-28,9.800000190734863,2021-12-20,false,false,162
2022-06-23,9.920000076293945,10.079999923706055,2021-10-28,9.800000190734863,2021-12-20,false,false,163
2022-06-24,9.920000076293945,10.079999923706055,2021-10-28,9.800000190734863,2021-12-20,false,false,164
2022-06-27,9.970000267028809,10.079999923706055,2021-10-28,9.800000190734863,2021-12-20,false,false,165
2022-06-28,9.970000267028809,10.079999923706055,2021-10-28,9.800000190734863,2021-12-20,false,false,166
2022-06-29,9.970000267028809,10.079999923706055,2021-10-28,9.800000190734863,2021-12-20,false,false,167
2022-06-30,9.970000267028809,10.079999923706055,2021-10-28,9.800000190734863,2021-12-20,false,false,168
2022-07-01,9.970000267028809,10.079999923706055,2021-10-28,9.800000190734863,2021-12-20,false,false,169
2022-07-05,9.949999809265137,10.079999923706055,2021-10-28,9.800000190734863,2021-12-20,false,false,170
2022-07-06,9.949999809265137,10.079999923706055,2021-10-28,9.800000190734863,2021-12-20,false,false,171
2022-07-07,9.949999809265137,10.079999923706055,2021-10-28,9.800000190734863,2021-12-20,false,false,172
2022-07-08,9.949999809265137,10.079999923706055,2021-10-28,9.800000190734863,2021-12-20,false,false,173
2022-07-11,9.949999809265137,10.079999923706055,2021-10-28,9.800000190734863,2021-12-20,false,false,174
2022-07-12,9.949999809265137,10.079999923706055,2021-10-28,9.800000190734863,2021-12-20,false,false,175
2022-07-13,9.949999809265137,10.079999923706055,2021-10-28,9.800000190734863,2021-12-20,false,false,176
2022-07-14,9.949999809265137,10.079999923706055,2021-10-28,9.800000190734863,2021-12-20,false,false,177
2022-07-15,9.949999809265137,10.079999923706055,2021-10-28,9.800000190734863,2021-12-20,false,false,178
2022-07-18,9.949999809265137,10.079999923706055,2021-10-28,9.800000190734863,2021-12-20,false,false,179
2022-07-19,9.949999809265137,10.079999923706055,2021-10-28,9.800000190734863,2021-12-20,false,false,180
2022-07-20,9.949999809265137,10.079999923706055,2021-10-28,9.800000190734863,2021-12-20,false,false,181
2022-07-21,9.949999809265137,10.079999923706055,2021-10-28,9.800000190734863,2021-12-20,false,false,182
2022-07-22,9.949999809265137,10.079999923706055,2021-10-28,9.800000190734863,2021-12-20,false,false,183
2022-07-25,9.949999809265137,10.079999923706055,2021-10-28,9.800000190734863,2021-12-20,false,false,184
2022-07-26,9.949999809265137,10.079999923706055,2021-10-28,9.800000190734863,2021-12-20,false,false,185
2022-07-27,9.949999809265137,10.079999923706055,2021-10-28,9.800000190734863,2021-12-20,false,false,186
2022-07-28,9.989999771118164,10.079999923706055,2021-10-28,9.800000190734863,2021-12-20,false,false,187
2022-07-29,9.979999542236328,10.079999923706055,2021-10-28,9.800000190734863,2021-12-20,false,false,188
2022-08-01,9.979999542236328,10.079999923706055,2021-10-28,9.800000190734863,2021-12-20,false,false,189
2022-08-02,9.979999542236328,10.079999923706055,2021-10-28,9.800000190734863,2021-12-20,false,false,190
2022-08-03,9.979999542236328,10.079999923706055,2021-10-28,9.800000190734863,2021-12-20,false,false,191
2022-08-04,9.979999542236328,10.079999923706055,2021-10-28,9.800000190734863,2021-12-20,false,false,192
2022-08-05,9.979999542236328,10.079999923706055,2021-10-28,9.800000190734863,2021-12-20,false,false,193
2022-08-08,10.020000457763672,10.079999923706055,2021-10-28,9.800000190734863,2021-12-20,false,false,194
2022-08-09,10.020000457763672,10.079999923706055,2021-10-28,9.800000190734863,2021-12-20,false,false,195
2022-08-10,10.020000457763672,10.079999923706055,2021-10-28,9.800000190734863,2021-12-20,false,false,196
2022-08-11,10.020000457763672,10.079999923706055,2021-10-28,9.800000190734863,2021-12-20,false,false,197
2022-08-12,10.020000457763672,10.079999923706055,2021-10-28,9.800000190734863,2021-12-20,false,false,198
2022-08-15,10.020000457763672,10.079999923706055,2021-10-28,9.800000190734863,2021-12-20,false,false,199
2022-08-16,10.020000457763672,10.079999923706055,2021-10-28,9.800000190734863,2021-12-20,false,false,200
2022-08-17,10.020000457763672,10.079999923706055,2021-10-28,9.800000190734863,2021-12-20,false,false,201
2022-08-18,10.020000457763672,10.079999923706055,2021-10-28,9.800000190734863,2021-12-20,false,false,202
2022-08-19,10.020000457763672,10.079999923706055,2021-10-28,9.800000190734863,2021-12-20,false,false,203
2022-08-22,10.020000457763672,10.079999923706055,2021-10-28,9.800000190734863,2021-12-20,false,false,204
2022-08-23,10.020000457763672,10.079999923706055,2021-10-28,9.800000190734863,2021-12-20,false,false,205
2022-08-24,10.039999961853027,10.079999923706055,2021-10-28,9.800000190734863,2021-12-20,false,false,206
2022-08-25,10.010000228881836,10.079999923706055,2021-10-28,9.800000190734863,2021-12-20,false,false,207
2022-08-26,10,10.079999923706055,2021-10-28,9.800000190734863,2021-12-20,false,false,208
2022-08-29,10,10.079999923706055,2021-10-28,9.800000190734863,2021-12-20,false,false,209
2022-08-30,10.029999732971191,10.079999923706055,2021-10-28,9.800000190734863,2021-12-20,false,false,210
2022-08-31,10.020000457763672,10.079999923706055,2021-10-28,9.800000190734863,2021-12-20,false,false,211
2022-09-01,10.020000457763672,10.079999923706055,2021-10-28,9.800000190734863,2021-12-20,false,false,212
2022-09-02,10.020000457763672,10.079999923706055,2021-10-28,9.800000190734863,2021-12-20,false,false,213
2022-09-06,10.020000457763672,10.079999923706055,2021-10-28,9.800000190734863,2021-12-20,false,false,214
2022-09-07,10.020000457763672,10.079999923706055,2021-10-28,9.800000190734863,2021-12-20,false,false,215
2022-09-08,9.989999771118164,10.079999923706055,2021-10-28,9.800000190734863,2021-12-20,false,false,216
2022-09-09,9.989999771118164,10.079999923706055,2021-10-28,9.800000190734863,2021-12-20,false,false,217
2022-09-12,9.989999771118164,10.079999923706055,2021-10-28,9.800000190734863,2021-12-20,false,false,218
2022-09-13,9.989999771118164,10.079999923706055,2021-10-28,9.800000190734863,2021-12-20,false,false,219
2022-09-14,9.960000038146973,10.079999923706055,2021-10-28,9.800000190734863,2021-12-20,false,false,220
2022-09-15,10.010000228881836,10.079999923706055,2021-10-28,9.800000190734863,2021-12-20,false,false,221
2022-09-16,10.010000228881836,10.079999923706055,2021-10-28,9.800000190734863,2021-12-20,false,false,222
2022-09-19,10.010000228881836,10.079999923706055,2021-10-28,9.800000190734863,2021-12-20,false,false,223
2022-09-20,10.010000228881836,10.079999923706055,2021-10-28,9.800000190734863,2021-12-20,false,false,224
2022-09-21,10.010000228881836,10.079999923706055,2021-10-28,9.800000190734863,2021-12-20,false,false,225
2022-09-22,10.010000228881836,10.079999923706055,2021-10-28,9.800000190734863,2021-12-20,false,false,226
2022-09-23,10.010000228881836,10.079999923706055,2021-10-28,9.800000190734863,2021-12-20,false,false,227
2022-09-26,10.020000457763672,10.079999923706055,2021-10-28,9.800000190734863,2021-12-20,false,false,228
2022-09-27,10.020000457763672,10.079999923706055,2021-10-28,9.800000190734863,2021-12-20,false,false,229
2022-09-28,9.970000267028809,10.079999923706055,2021-10-28,9.800000190734863,2021-12-20,false,false,230
2022-09-29,9.970000267028809,10.079999923706055,2021-10-28,9.800000190734863,2021-12-20,false,false,231
2022-09-30,9.970000267028809,10.079999923706055,2021-10-28,9.800000190734863,2021-12-20,false,false,232
2022-10-03,9.979999542236328,10.079999923706055,2021-10-28,9.800000190734863,2021-12-20,false,false,233
2022-10-04,9.979999542236328,10.079999923706055,2021-10-28,9.800000190734863,2021-12-20,false,false,234
2022-10-05,9.979999542236328,10.079999923706055,2021-10-28,9.800000190734863,2021-12-20,false,false,235
2022-10-06,9.979999542236328,10.079999923706055,2021-10-28,9.800000190734863,2021-12-20,false,false,236
2022-10-07,9.979999542236328,10.079999923706055,2021-10-28,9.800000190734863,2021-12-20,false,false,237
2022-10-10,9.979999542236328,10.079999923706055,2021-10-28,9.800000190734863,2021-12-20,false,false,238
2022-10-11,9.979999542236328,10.079999923706055,2021-10-28,9.800000190734863,2021-12-20,false,false,239
2022-10-12,10,10.079999923706055,2021-10-28,9.800000190734863,2021-12-20,false,false,240
2022-10-13,10,10.079999923706055,2021-10-28,9.800000190734863,2021-12-20,false,false,241
2022-10-14,10,10.079999923706055,2021-10-28,9.800000190734863,2021-12-20,false,false,242
2022-10-17,10,10.079999923706055,2021-10-28,9.800000190734863,2021-12-20,false,false,243
2022-10-18,10.029999732971191,10.079999923706055,2021-10-28,9.800000190734863,2021-12-20,false,false,244
2022-10-19,10.029999732971191,10.079999923706055,2021-10-28,9.800000190734863,2021-12-20,false,false,245
2022-10-20,10.029999732971191,10.079999923706055,2021-10-28,9.800000190734863,2021-12-20,false,false,246
2022-10-21,10.029999732971191,10.079999923706055,2021-10-28,9.800000190734863,2021-12-20,false,false,247
2022-10-24,10.029999732971191,10.079999923706055,2021-10-28,9.800000190734863,2021-12-20,false,false,248
2022-10-25,10.039999961853027,10.079999923706055,2021-10-28,9.800000190734863,2021-12-20,false,false,249
2022-10-26,10.039999961853027,10.079999923706055,2021-10-28,9.800000190734863,2021-12-20,false,false,250
2022-10-27,10.039999961853027,10.079999923706055,2021-10-28,9.800000190734863,2021-12-20,false,false,251
2022-10-28,10.039999961853027,10.079999923706055,2021-10-28,9.800000190734863,2021-12-20,false,false,251
2022-10-31,10.039999961853027,10.039999961853027,2022-10-31,9.800000190734863,2021-12-20,true,false,251
2022-11-01,10.039999961853027,10.039999961853027,2022-11-01,9.800000190734863,2021-12-20,true,false,251
2022-11-02,10.039999961853027,10.039999961853027,2022-11-02,9.800000190734863,2021-12-20,true,false,251
2022-11-03,10.039999961853027,10.039999961853027,2022-11-03,9.800000190734863,2021-12-20,true,false,251
2022-11-04,10.039999961853027,10.039999961853027,2022-11-04,9.800000190734863,2021-12-20,true,false,251
2022-11-07,10.039999961853027,10.039999961853027,2022-11-07,9.800000190734863,2021-12-20,true,false,251
2022-11-08,10.039999961853027,10.039999961853027,2022-11-08,9.800000190734863,2021-12-20,true,false,251
2022-11-09,10.039999961853027,10.039999961853027,2022-11-09,9.800000190734863,2021-12-20,true,false,251
2022-11-10,10.039999961853027,10.039999961853027,2022-11-10,9.800000190734863,2021-12-20,true,false,251
2022-11-11,10.119999885559082,10.119999885559082,2022-11-11,9.800000190734863,2021-12-20,true,false,251
2022-11-14,10.119999885559082,10.119999885559082,2022-11-14,9.800000190734863,2021-12-20,true,false,251
2022-11-15,10.050000190734863,10.119999885559082,2022-11-14,9.800000190734863,2021-12-20,false,false,251
2022-11-16,10.050000190734863,10.119999885559082,2022-11-14,9.800000190734863,2021-12-20,false,false,251
2022-11-17,10.0600004196167,10.119999885559082,2022-11-14,9.800000190734863,2021-12-20,false,false,251
2022-11-18,10.0600004196167,10.119999885559082,2022-11-14,9.800000190734863,2021-12-20,false,false,251
2022-11-21,10.0600004196167,10.119999885559082,2022-11-14,9.800000190734863,2021-12-20,false,false,251
2022-11-22,10.069999694824219,10.119999885559082,2022-11-14,9.800000190734863,2021-12-20,false,false,251
2022-11-23,10.100000381469727,10.119999885559082,2022-11-14,9.800000190734863,2021-12-20,false,false,251
2022-11-25,10.100000381469727,10.119999885559082,2022-11-14,9.800000190734863,2021-12-20,false,false,251
2022-11-28,10.119999885559082,10.119999885559082,2022-11-28,9.800000190734863,2021-12-20,true,false,251
2022-11-29,10.123000144958496,10.123000144958496,2022-11-29,9.800000190734863,2021-12-20,true,false,251
2022-11-30,10.123000144958496,10.123000144958496,2022-11-30,9.800000190734863,2021-12-20,true,false,251
